keys,ko,en
LANGUAGE_LABEL,"언어","Language"
LANGUAGE_KO,"한국어","한국어"
LANGUAGE_EN,"EN","EN"
SETTINGS_OPEN,"설정 열기","Open settings"
SETTINGS_TITLE,"설정","Settings"
SETTINGS_CLOSE,"돌아가기","Back"
SETTINGS_AUDIO_TAB,"음량","Audio"
SETTINGS_CONTROLS_TAB,"조작","Controls"
SETTINGS_GAMEPLAY_TAB,"게임","Gameplay"
SETTINGS_LANGUAGE_TAB,"언어","Language"
SETTINGS_AUDIO_HEADING,"음량 설정","Audio settings"
SETTINGS_CONTROLS_HEADING,"전투 조작","Combat controls"
SETTINGS_GAMEPLAY_HEADING,"전투 난이도","Combat pressure"
SETTINGS_LANGUAGE_HEADING,"표시 언어","Display language"
SETTINGS_CONTROLS_HELP,"바꿀 항목을 누른 뒤 새 키나 마우스 버튼을 입력하세요. ESC는 취소합니다.","Choose an action, then press its new key or mouse button. Escape cancels."
SETTINGS_STATUS_READY,"변경 사항은 즉시 저장되고 HUD에 반영됩니다.","Changes save immediately and update the HUD."
SETTINGS_CAPTURE_PROMPT,"%s에 사용할 키나 마우스 버튼을 누르세요. ESC: 취소","Press a key or mouse button for %s. Escape: cancel"
SETTINGS_CAPTURE_WAITING,"입력 대기 중…","Waiting for input…"
SETTINGS_CAPTURE_CANCELLED,"키 변경을 취소했습니다.","Binding change cancelled."
SETTINGS_BINDING_CONFLICT,"이미 %s에서 사용하는 입력입니다. 기존 설정을 유지합니다.","That input is already used by %s. The previous binding remains."
SETTINGS_BINDING_SAVED,"%s: %s로 변경했습니다.","%s changed to %s."
SETTINGS_BINDINGS_RESET,"전투 조작을 기본값으로 되돌렸습니다.","Combat controls restored to defaults."
SETTINGS_RESET_BINDINGS,"기본 조작으로 초기화","Reset default controls"
SETTINGS_MOVEMENT_RESERVED,"이동","Movement"
SETTINGS_PAUSE_RESERVED,"일시정지","Pause"
SETTINGS_RESERVED_CONTROL,"고정 조작","a reserved control"
SETTINGS_COMBAT_PRESET,"전투 압박 프리셋","Combat pressure preset"
SETTINGS_PRESET_STANDARD,"표준","Standard"
SETTINGS_PRESET_ONSLAUGHT,"맹공","Onslaught"
SETTINGS_PRESET_DETAIL,"표준은 적을 1명씩 소개하고 분대 규모를 점진적으로 늘립니다. 맹공도 같은 6초 준비 시간을 사용하지만 활성 적 상한과 후반 압박이 더 큽니다.","Standard introduces enemies one at a time and grows squads gradually. Onslaught keeps the same six-second grace but raises active caps and late pressure."
INPUT_UNBOUND,"미지정","Unbound"
INPUT_MOUSE_LEFT,"마우스 1","Mouse 1"
INPUT_MOUSE_RIGHT,"마우스 2","Mouse 2"
INPUT_MOUSE_MIDDLE,"마우스 3","Mouse 3"
INPUT_MOUSE_BUTTON,"마우스 %d","Mouse %d"
UI_HULL_INTEGRITY,"기체 내구도","Hull integrity"
UI_FLOODED_WORKS,"침수 공방","Flooded Works"
UI_LOCKED_TARGET,"조준 대상","Locked target"
UI_NO_TARGET,"대상 없음","No target"
ACTION_PRIMARY,"주무기","Primary"
ACTION_SEEKER,"추적탄","Seeker"
ACTION_DASH,"대시","Dash"
ACTION_EMP,"EMP","EMP"
STATE_READY,"준비","Ready"
STATE_LIVE,"사용 가능","Live"
STATE_FIRING,"발사 중","Firing"
STATE_PRIMARY_UNAVAILABLE,"공격 에너지 %d% · 회복 중","Attack energy %d% · Recovering"
STATE_PRIMARY_QUICK,"공격 에너지 %d% · 빠른 사격","Attack energy %d% · Quick shot"
STATE_PRIMARY_CHARGED,"공격 에너지 %d% · 강화 사격","Attack energy %d% · Charged shot"
STATE_PRIMARY_FULL_POWER,"공격 에너지 %d% · 최대 위력","Attack energy %d% · Full power"
STATE_PRIMARY_IDLE,"연사 가능 · 선제탄 %d%","Ready to fire · Opener %d%"
STATE_PRIMARY_FIRING,"연사 중","Firing"
STATE_PRIMARY_CHARGING,"선제탄 충전 %d%","Charging opener %d%"
STATE_PRIMARY_OPENING_READY,"강공격 준비","Opening shot ready"
STATE_STARTUP,"충전 중","Charging"
STATE_SELECTED,"선택됨","Selected"
DEPLOY_KICKER,"침수 공방 · 스테이지 1","Flooded Works · Stage 1"
DEPLOY_TITLE,"침수 공방 출격 준비","Prepare for Flooded Works"
DEPLOY_CONTROLS,"이동 방향키/WASD · 조준 마우스 · 연속 발사 마우스 1 · 대시 Space · EMP Shift","Move Arrows/WASD · Aim Mouse · Hold Mouse 1 to fire · Dash Space · EMP Shift"
DEPLOY_CONTROLS_TEMPLATE,"이동 방향키/WASD · 조준 마우스 · 연속 발사 %s · 대시 %s · EMP %s","Move Arrows/WASD · Aim Mouse · Hold %s to fire · Dash %s · EMP %s"
DEPLOY_COMMAND,"출격","Deploy"
DEPLOY_FOOTER,"일반 적은 우회할 수 있습니다. 설비와 보스만 진행을 잠급니다.","Ordinary threats may be bypassed. Only installations and the boss gate progress."
UPGRADE_KICKER,"인양 보관함","Salvage cache"
UPGRADE_TITLE,"회로 하나를 선택하세요","Choose one live circuit"
UPGRADE_DETAIL,"전투가 일시 정지됩니다. 선택한 회로는 즉시 적용됩니다.","Combat is suspended. The selected circuit applies immediately."
UPGRADE_SHORTCUT,"[%d] 선택","[%d] Select"
UPGRADE_NONE,"없음","None"
PAUSE_TITLE,"일시정지","Paused"
PAUSE_RESUME,"계속하기","Resume"
PAUSE_RESTART,"스테이지 다시 시작","Restart stage"
PAUSE_SETTINGS,"설정","Settings"
PAUSE_MASTER_VOLUME,"전체 음량","Master volume"
PAUSE_EFFECTS_VOLUME,"효과음 음량","Effects volume"
PAUSE_ABORT,"차고로 돌아가기","Abort to garage"
RESULT_KICKER,"스테이지 완료","Stage complete"
RESULT_STAGE_COMPLETE,"스테이지 %d 완료 · %s","Stage %d complete · %s"
RESULT_TITLE,"중계기가 고요해졌습니다","The relay is quiet"
RESULT_TITLE_CONTINUE,"다음 수역이 열렸습니다","The next sector is open"
RESULT_TITLE_FINAL,"세 수역을 돌파했습니다","All three sectors are clear"
RESULT_RUN,"이번 출격","This run"
RESULT_CLEAR_TIME,"클리어 시간  %s","Clear time  %s"
RESULT_HULL,"남은 내구도  %d%%","Hull integrity  %d%%"
RESULT_UPGRADE,"적용 회로  %s","Applied circuit  %s"
RESULT_WARDEN,"선택 보스  %s","Optional Warden  %s"
RESULT_DEFEATED,"처치","Defeated"
RESULT_BYPASSED,"우회","Bypassed"
RESULT_PERFORMANCE,"전투 기록","Performance"
RESULT_PRIMARY_HITS,"명중  %d","Primary hits  %d"
RESULT_DASH_USES,"대시  %d회","Dash uses  %d"
RESULT_INSTALLATIONS,"설비 파괴  %d","Installations destroyed  %d"
RESULT_REWARD,"영구 보상","Persistent reward"
RESULT_RELAY_MODULE,"콜로서스 중계 모듈","Colossus Relay Module"
RESULT_ROUTE_CONTINUES,"항로 개방","Route opened"
RESULT_NEXT_STAGE,"다음 스테이지 · %s","Next stage · %s"
RESULT_REVIEW_GARAGE,"차고 확인","Review garage"
RESULT_REPLAY,"다시 출격","Replay stage"
GARAGE_KICKER,"간이 차고","Compact garage"
GARAGE_TITLE,"인양정 장비 구성","Salvage skiff loadout"
GARAGE_STAGE_CLEARS,"스테이지 클리어  %d회","Stage clears  %d"
GARAGE_HULL_RESET,"내구도는 출격할 때 완전히 복구됩니다.","Hull resets to full before each deployment."
GARAGE_LOADOUT,"장비","Loadout"
GARAGE_PRIMARY,"주무기","Primary"
GARAGE_PASSIVE,"보조무기","Passive"
GARAGE_ACTIVE,"액티브","Active"
GARAGE_MODULE,"모듈","Module"
GARAGE_PASSIVE_SEEKER,"자동 추적 발사기","Auto Seeker Launcher"
GARAGE_ACTIVE_EMP,"EMP 노바","EMP Nova"
GARAGE_NO_MODULE,"해금된 영구 모듈이 없습니다.","No persistent module unlocked yet."
GARAGE_RELAY_MODULE,"콜로서스 중계기: EMP가 20% 충전된 상태로 시작","Colossus Relay: EMP starts 20% charged"
GARAGE_DREDGE_MODULE,"준설 축전기: 추적탄 발사 간격 단축","Dredge Capacitor: faster seeker cadence"
GARAGE_RUN_BUILD,"이번 런 빌드","Current run build"
GARAGE_LAUNCH,"새 출격 시작","Start new run"
GARAGE_SETTINGS,"출격 설정","Deployment settings"
PRIMARY_PULSE_CANNON,"펄스 캐논","Pulse Cannon"
OBJECTIVE_CALIBRATE,"인양정 조정","Calibrate the salvage skiff"
OBJECTIVE_CALIBRATE_DETAIL,"이동 %s  조준 %s  발사 %s  대시 %s","Move %s  Aim %s  Fire %s  Dash %s"
OBJECTIVE_APPROACH,"공방 진입로 통과","Cross the foundry approach"
OBJECTIVE_APPROACH_STAGE,"%s 진입로 통과","Cross the %s approach"
OBJECTIVE_APPROACH_DETAIL,"동쪽 통로는 열려 있으며 전투는 선택입니다.","The eastern route stays open; fighting is optional."
OBJECTIVE_GENERATORS,"방벽 발전기 정지  %d / 2","Disable the barrier grid  %d / 2"
OBJECTIVE_GENERATORS_DETAIL,"위쪽은 감시자. 아래쪽은 함정과 강화 아이템.","Upper route: Warden. Lower route: traps and field power."
OBJECTIVE_GENERATORS_DETAIL_GENERIC,"두 경로의 위협과 엄폐를 읽고 설비를 선택적으로 공략하세요.","Read each route's threats and cover, then pressure the installations in either order."
OBJECTIVE_CACHE,"인양 보관함 확보","Claim the salvage cache"
OBJECTIVE_CACHE_DETAIL,"호박색 보관함에서 회로 하나를 선택하세요.","Choose one circuit at the amber cache."
OBJECTIVE_BASIN,"콜로서스 구역 진입","Enter the Colossus basin"
OBJECTIVE_BASIN_STAGE,"%s 격납 구역 진입","Enter the %s arena"
OBJECTIVE_BASIN_DETAIL,"중계 관문이 열렸습니다. 일반 적은 진입을 막지 않습니다.","The relay gate is open; ordinary enemies do not block it."
OBJECTIVE_BOSS,"공방 콜로서스 파괴","Break the Foundry Colossus"
OBJECTIVE_BOSS_STAGE,"%s 파괴","Break %s"
OBJECTIVE_BOSS_DETAIL,"예고를 읽고 파일런을 제거한 뒤 빈틈을 공격하세요.","Read the tell. Remove pylons. Fire during recovery."
ENEMY_THREAT,"위협 개체","Threat"
ENEMY_RIVET_CHASER,"리벳 추격자","Rivet Chaser"
ENEMY_LANE_SKIRMISHER,"통로 척후병","Lane Skirmisher"
ENEMY_SCRAP_DRONE,"고철 드론","Scrap Drone"
ENEMY_NEEDLE_DRONE,"니들 드론","Needle Drone"
ENEMY_SPARK_MINELET,"스파크 소형 지뢰","Spark Minelet"
ENEMY_FLOOD_CONTROLLER,"침수 제어기","Flood Controller"
ENEMY_FOUNDRY_TURRET,"공방 포탑","Foundry Turret"
ENEMY_ARC_MINE,"아크 근접 지뢰","Arc Proximity Mine"
ENEMY_BARRIER_GENERATOR,"방벽 발전기","Barrier Generator"
ENEMY_DREDGE_WARDEN,"준설 감시자","Dredge Warden"
ENEMY_COLOSSUS_PYLON,"콜로서스 파일런","Colossus Pylon"
ENEMY_FOUNDRY_COLOSSUS,"공방 콜로서스","Foundry Colossus"
ENEMY_SHIELD_ESCORT,"방벽 호위기","Shield Escort"
ENEMY_ARTILLERY_SPOTTER,"포격 관측기","Artillery Spotter"
ENEMY_INTERCEPTOR_TOWER,"요격 포탑","Interceptor Tower"
ENEMY_CURRENT_CURATOR,"조류 큐레이터","Current Curator"
ENEMY_ARCHIVE_LEVIATHAN,"기록고 리바이어던","Archive Leviathan"
ENEMY_STORM_FOREMAN,"폭풍 감독기","Storm Foreman"
ENEMY_DRYDOCK_TITAN,"건선거 타이탄","Drydock Titan"
ENEMY_SALVAGE_CONVOY,"회수 수송대","Salvage Convoy"
ENEMY_SWITCHYARD_BEHEMOTH,"분기장 베헤모스","Switchyard Behemoth"
ENEMY_MIRROR_WARDEN,"거울 감시자","Mirror Warden"
ENEMY_CROWN_ENGINE,"왕관 엔진","Crown Engine"
ENEMY_CROWN_RELAY,"왕관 실드 중계기","Crown Shield Relay"
STAGE_FLOODED_WORKS,"침수 공방","Flooded Works"
STAGE_TIDAL_ARCHIVE,"조류 기록고","Tidal Archive"
STAGE_STORM_DRYDOCK,"폭풍 건선거","Storm Drydock"
STAGE_CORAL_SWITCHYARD,"산호 분기장","Coral Switchyard"
STAGE_ABYSSAL_OBSERVATORY,"심연 관측소","Abyssal Observatory"
ENEMY_BOSS_PHASE,"%s · 단계 %d","%s · Phase %d"
ENEMY_STATE_GENERATOR_SHIELD,"발전기 방벽","Generator shield"
ENEMY_STATE_STUNNED,"기절","Stunned"
ENEMY_STATE_STARTUP,"공격 예고","Attack startup"
ENEMY_STATE_ACTIVE,"공격 중","Attack active"
ENEMY_STATE_RECOVERY,"회복 중","Recovering"
ENEMY_STATE_SUPPORT,"방벽 · 수리","Shields · Repairs"
ENEMY_STATE_REPOSITION,"재배치 중","Repositioning"
BOSS_STATE_PYLON_SHIELD,"%s · 파일런 방벽 활성","%s · Pylon shield active"
BOSS_STATE_DAMAGE_WINDOW,"%s · 공격 기회","%s · Damage window"
PATTERN_LANE_BARRAGE,"통로 포격","Lane barrage"
PATTERN_CHARGE,"돌진","Charge"
PATTERN_PYLONS,"파일런 전개","Pylons"
PATTERN_OVERLOAD_COMBO,"과부하 연계","Overload combo"
PATTERN_FAN,"부채꼴 사격","Fan fire"
PATTERN_SYSTEM_WAKE,"시스템 기동","System wake"
PATTERN_PHASE_TWO,"2단계 · 복합 압박","Phase two · Combined pressure"
PATTERN_RECOVERING_CONTROL,"제어 복구 중","Recovering control"
PATTERN_READING_ARENA,"전장 분석 중","Reading the arena"
PATTERN_STAGGER_WINDOW,"경직 상태","Stagger window"
PATTERN_RECOVERY_WINDOW,"회복 · 공격 기회","Recovery · Damage window"
PATTERN_SWITCH_CHARGE,"개방 통로 돌진","Open-lane charge"
PATTERN_CROWN_BEAM,"왕관 광선","Crown beam"
PATTERN_CROWN_CARRIER,"드론 방출","Drone release"
PATTERN_TWIN_FOUNDRY_LANES,"쌍둥이 주조 통로","Twin Foundry Lanes"
PATTERN_FOUNDRY_RAM,"주조소 강습","Foundry Ram"
PATTERN_FURNACE_RING,"용광로 고리","Furnace Ring"
PATTERN_PYLON_OVERLOAD,"파일런 과부하","Pylon Overload"
PATTERN_CURRENT_FAN,"해류 부채","Current Fan"
PATTERN_UNDERTOW_SWEEP,"저류 휩쓸기","Undertow Sweep"
PATTERN_DEPTH_CHARGE,"심해 폭뢰","Depth Charge"
PATTERN_ARCHIVE_RAM,"기록고 강습","Archive Ram"
PATTERN_ARC_LANES,"전류 통로","Arc Lanes"
PATTERN_GROUNDED_RING,"접지 고리","Grounded Ring"
PATTERN_THUNDER_DROP,"낙뢰 강하","Thunder Drop"
PATTERN_ESCORT_SURGE,"호위기 쇄도","Escort Surge"
PATTERN_OPEN_LANE_CHARGE,"개방 통로 돌진","Open-Lane Charge"
PATTERN_GATE_SHOCKWAVE,"관문 충격파","Gate Shockwave"
PATTERN_RICOCHET_VOLLEY,"도탄 일제사격","Ricochet Volley"
PATTERN_SWITCH_SWEEP,"전환기 휩쓸기","Switch Sweep"
PATTERN_MIRROR_CROSS,"거울 십자","Mirror Cross"
PATTERN_CARRIER_WAVE,"운반기 파동","Carrier Wave"
PATTERN_RELAY_PULSE,"중계기 파동","Relay Pulse"
BUFF_ATTACK,"공격 강화 %.1f초","Attack %.1fs"
NOTIFY_DEPLOYED,"출격 완료 · 먼저 위험 설비를 조준하세요.","Deployed · Target priority installations first."
NOTIFY_CONTACT_INBOUND,"접촉 신호 · 진입 지점을 확인하세요.","Contact inbound · Watch the marked entry."
NOTIFY_MODULE_ONLINE,"회로 활성 · %s","Circuit online · %s"
NOTIFY_STAGE_RESET,"스테이지 초기화 · 임시 강화와 일회성 보상을 제거했습니다.","Stage reset · Temporary upgrades and one-shot rewards cleared."
NOTIFY_REDEPLOYED,"재출격 · 다른 경로나 회로 조합을 시도해 보세요.","Redeployed · Try another route or circuit combination."
NOTIFY_STAGE_ARRIVAL,"스테이지 %d 진입 · %s","Entering Stage %d · %s"
NOTIFY_CALIBRATION_COMPLETE,"조정 완료 · 북쪽 관문은 적 처치와 무관하게 열립니다.","Calibration complete · The north gate is never kill-locked."
NOTIFY_REPAIR,"수리 폼 · 내구도 +%d","Repair foam · +%d hull"
NOTIFY_COLOSSUS_STAGGERED,"콜로서스 경직 · 지금 공격하세요.","Colossus staggered · Commit damage now."
NOTIFY_DREDGE_CAPACITOR,"준설 축전기 획득 · 추적탄 발사 간격 단축","Dredge Capacitor acquired · Faster seeker cadence"
NOTIFY_BARRIER_DEPLETED,"방벽 소진","Barrier depleted"
NOTIFY_HULL_DISABLED,"기체 정지 · 인양선이 차고로 회수했습니다.","Hull disabled · Salvage tow returned the skiff."
NOTIFY_COLOSSUS_PHASE_TWO,"콜로서스 2단계 · 학습한 위협이 겹칩니다.","Colossus phase two · Learned threats now overlap."
NOTIFY_COLOSSUS_PYLONS,"콜로서스 파일런 가동 · 우선 목표를 파괴하세요.","Colossus pylons online · Destroy priority targets."
NOTIFY_SWITCHYARD_ROUTE,"분기 게이트 %d번 상태 · 반대쪽 통로가 열렸습니다.","Switch gate state %d · The opposite flank is open."
NOTIFY_REFLECTOR_ROTATED,"반사판이 90도 회전했습니다.","Reflector rotated 90 degrees."
NOTIFY_MIRROR_VAULT_OPEN,"두 반사판 정렬 완료 · 거울 금고가 열렸습니다.","Both reflectors aligned · Mirror vault open."
NOTIFY_CONVOY_DEPARTING,"회수 수송대 출발 · 26초 안에 저지하면 선택 보상을 얻습니다.","Salvage Convoy departing · Intercept within 26 seconds for the optional reward."
NOTIFY_CONVOY_ESCAPED,"회수 수송대 탈출 · 선택 보상만 소실되었습니다.","Salvage Convoy escaped · Only the optional reward was lost."
NOTIFY_CROWN_RELAYS,"왕관 실드 중계기 가동 · 반사된 탄환으로 파괴하세요.","Crown shield relays online · Break them with reflected rounds."
NOTIFY_GENERATOR_DESTROYED,"발전기 %d / 2 파괴 · 주변 방벽이 해제되었습니다.","Generator %d / 2 destroyed · Nearby shields collapsed."
NOTIFY_EXPERIENCE_RECALL,"경험치 회수 · 모든 원석이 기체로 이동합니다.","Experience recall · All shards are moving to the skiff."
NOTIFY_EXPERIENCE_CACHE,"경험치 저장고 개방 · 원석을 회수하세요.","Experience cache opened · Collect the shards."
NOTIFY_LEVEL_UP,"레벨 상승 · 새 회로를 선택하세요.","Level up · Choose a new circuit."
NOTIFY_FIELD_BOSS_SHARD,"정예 원석 노출 · 회수하면 선택 보상이 열립니다.","Elite shard exposed · Collect it to open the optional reward."
NOTIFY_BOSS_SHARD,"보스 원석 노출 · 회수하면 스테이지 보상이 열립니다.","Boss shard exposed · Collect it to open the stage reward."
UPGRADE_FAMILY_PRIMARY,"주무기","Primary"
UPGRADE_FAMILY_PASSIVE,"보조무기","Passive"
UPGRADE_FAMILY_DASH,"대시","Dash"
UPGRADE_FAMILY_SKILL,"스킬","Skill"
UPGRADE_FAMILY_BRIDGE,"연계","Bridge"
UPGRADE_RICOCHET_TITLE,"도탄 행렬","Ricochet Matrix"
UPGRADE_RICOCHET_DESC,"주무기 탄환이 엄폐물에서 한 번 튕깁니다. 통로에 진입하기 전에 포탑을 제거할 수 있습니다.","Primary rounds bounce once from solid cover. Bank shots can remove turrets before entering their lane."
UPGRADE_PHASE_LANCE_TITLE,"위상 창","Phase Lance"
UPGRADE_PHASE_LANCE_DESC,"주무기 탄환이 적 하나를 관통합니다. 엄폐물은 여전히 모든 탄환을 막습니다.","Primary rounds pierce one enemy. Cover still stops every shot."
UPGRADE_FORKED_MUZZLE_TITLE,"분기 포구","Forked Muzzle"
UPGRADE_FORKED_MUZZLE_DESC,"주무기 발사마다 감소된 피해의 측면 탄환을 레벨당 1발 추가합니다.","Every primary shot adds one reduced-damage side round per level."
UPGRADE_TWIN_SEEKERS_TITLE,"쌍둥이 추적탄","Twin Seekers"
UPGRADE_TWIN_SEEKERS_DESC,"자동 발사기가 시야 안의 다른 대상에게 두 번째 미사일을 발사합니다.","The passive launcher fires a second missile at another eligible line-of-sight target."
UPGRADE_HUNTER_FIRMWARE_TITLE,"사냥꾼 펌웨어","Hunter Firmware"
UPGRADE_HUNTER_FIRMWARE_DESC,"추적 미사일이 설비를 우선하며 충돌 시 폭발합니다.","Passive missiles prioritize installations and burst on impact."
UPGRADE_ION_WAKE_TITLE,"이온 항적","Ion Wake"
UPGRADE_ION_WAKE_DESC,"대시가 피해를 주는 흔적을 남깁니다. 오버드라이브가 폭과 지속시간을 늘립니다.","Dash leaves a damaging trail. Overdrive increases its width and duration."
UPGRADE_RAM_PULSE_TITLE,"충각 파동","Ram Pulse"
UPGRADE_RAM_PULSE_DESC,"대시 도착 지점에서 적에게 피해를 주고 투사체를 지우는 근거리 파동을 방출합니다.","Dash arrival emits a close shock pulse that damages enemies and clears projectiles."
UPGRADE_EMP_AFTERSHOCK_TITLE,"EMP 여진","EMP Aftershock"
UPGRADE_EMP_AFTERSHOCK_DESC,"EMP 사용 후 잠시 뒤 작은 파동을 한 번 더 방출합니다.","EMP repeats a smaller pulse after a short delay."
UPGRADE_CIRCUIT_HARVEST_TITLE,"회로 수확","Circuit Harvest"
UPGRADE_CIRCUIT_HARVEST_DESC,"설비를 파괴하면 추적탄과 EMP의 재사용 대기시간이 즉시 줄어듭니다.","Destroying an installation immediately advances passive and EMP cooldowns."
UPGRADE_FIELD_CONVERTER_TITLE,"현장 변환기","Field Converter"
UPGRADE_FIELD_CONVERTER_DESC,"임시 아이템 지속시간을 늘리고 방벽 아이템의 방벽량을 레벨당 10 높입니다.","Extends temporary pickups and adds 10 barrier strength per level to barrier pickups."
UPGRADE_AEGIS_CYCLE_TITLE,"이지스 순환","Aegis Cycle"
UPGRADE_AEGIS_CYCLE_DESC,"14초마다 5초간 방벽을 20 생성합니다. 2레벨에는 방벽 28, 지속시간 6초가 됩니다.","Every 14 seconds, gain 20 barrier for 5 seconds. Level 2 grants 28 barrier for 6 seconds."
UPGRADE_OVERCLOCK_CYCLE_TITLE,"과출력 순환","Overclock Cycle"
UPGRADE_OVERCLOCK_CYCLE_DESC,"12초마다 4초간 모든 피해가 25% 증가합니다. 2레벨에는 35% 증가합니다.","Every 12 seconds, all damage rises by 25% for 4 seconds. Level 2 raises it by 35%."
UPGRADE_SIPHON_MATRIX_TITLE,"흡혈 행렬","Siphon Matrix"
UPGRADE_SIPHON_MATRIX_DESC,"실제로 가한 피해의 2%를 회복하며 초당 최대 6까지 회복합니다. 2레벨에는 3.5%가 됩니다.","Heal for 2% of actual damage dealt, capped at 6 hull per second. Level 2 raises it to 3.5%."
SETTINGS_REDUCED_MOTION,"모션 감소","Reduced motion"
UPGRADE_FAMILY_ELEMENT,"속성","Element"
UPGRADE_FAMILY_MOBILITY,"기동·생존","Mobility"
UPGRADE_FAMILY_OPENING,"강공격","Opening"
UPGRADE_SELECT_DETAIL,"카드를 선택한 뒤 장착을 눌러 확정하세요.","Select a card, then press Equip to confirm."
UPGRADE_LEVEL_PREVIEW,"레벨 %d → %d / 최대 %d","Level %d → %d / Max %d"
UPGRADE_EQUIP,"장착","Equip"
UPGRADE_LEAVE_REWARD,"보상 포기","Leave reward"
UPGRADE_CONFIRM_LEAVE,"한 번 더 눌러 포기","Press again to leave"
UPGRADE_MANDATORY_NOTICE,"진행하려면 업그레이드 하나를 선택해야 합니다.","Choose one upgrade to continue."
UPGRADE_OPTIONAL_NOTICE,"이 보상은 포기할 수 있습니다.","This optional reward can be left behind."
UPGRADE_ELEMENT_LOCK_NOTICE,"선택하면 다른 속성 코어는 잠깁니다.","Choosing this locks the other elemental cores."
UPGRADE_APPLY_FAILED,"현재 빌드에는 적용할 수 없습니다. 다른 카드를 선택하세요.","This cannot be applied to the current build. Choose another card."
NOTIFY_REWARD_DECLINED,"선택 보상을 남겨두었습니다.","Optional reward left behind."
DEPLOY_PULSE_CANNON_SUMMARY,"중립형 펄스 캐논\n누르고 있으면 연속 발사 · 1초 쉬면 다음 첫 탄이 강공격\n빌드 정체성은 맵의 업그레이드에서 결정됩니다.","Neutral Pulse Cannon\nHold to fire · pause 1 second to empower the next opening shot\nMap upgrades define this run's build."
UPGRADE_ACCELERATOR_COIL_TITLE,"가속 코일","Accelerator Coil"
UPGRADE_ACCELERATOR_COIL_DESC,"주무기 탄속과 유효 사거리를 높입니다.","Increases primary projectile speed and effective range."
UPGRADE_BREACH_ROUND_TITLE,"파쇄탄","Breach Round"
UPGRADE_BREACH_ROUND_DESC,"강공격의 구조물 피해와 경직을 강화합니다.","Improves opening-shot structure damage and stagger."
UPGRADE_CONCENTRATED_TOXIN_TITLE,"농축 독소","Concentrated Toxin"
UPGRADE_CONCENTRATED_TOXIN_DESC,"독 피해의 지속 피해량을 높입니다.","Increases poison damage over time."
UPGRADE_CONTAGION_TITLE,"전염","Contagion"
UPGRADE_CONTAGION_DESC,"중독된 적이 파괴되면 주변 적에게 독을 퍼뜨립니다.","Destroyed poisoned enemies spread poison nearby."
UPGRADE_CRYO_CORE_TITLE,"빙결 코어","Cryo Core"
UPGRADE_CRYO_CORE_DESC,"주무기가 적의 이동과 공격을 둔화합니다.","Primary hits slow enemy movement and attacks."
UPGRADE_DASH_CAPACITOR_TITLE,"대시 축전기","Dash Capacitor"
UPGRADE_DASH_CAPACITOR_DESC,"대시 재사용 대기시간을 줄입니다.","Reduces dash cooldown."
UPGRADE_DEEP_FREEZE_TITLE,"심층 냉각","Deep Freeze"
UPGRADE_DEEP_FREEZE_DESC,"빙결 둔화의 강도와 지속시간을 높입니다.","Improves slow strength and duration."
UPGRADE_EMP_CAPACITOR_TITLE,"EMP 축전기","EMP Capacitor"
UPGRADE_EMP_CAPACITOR_DESC,"EMP 재사용 대기시간을 줄입니다.","Reduces EMP cooldown."
UPGRADE_EMP_FOCUS_TITLE,"EMP 집속","EMP Focus"
UPGRADE_EMP_FOCUS_DESC,"EMP 피해와 유효 범위를 높입니다.","Increases EMP damage and radius."
UPGRADE_FAST_CAPACITOR_TITLE,"고속 축전기","Fast Capacitor"
UPGRADE_FAST_CAPACITOR_DESC,"강공격 준비 시간을 줄입니다.","Shortens opening-shot charge time."
UPGRADE_FLASHOVER_TITLE,"화염 전이","Flashover"
UPGRADE_FLASHOVER_DESC,"연소 중인 적에게 강공격이 추가 피해를 줍니다.","Opening shots deal bonus damage to burning enemies."
UPGRADE_INCENDIARY_CORE_TITLE,"소이 코어","Incendiary Core"
UPGRADE_INCENDIARY_CORE_DESC,"주무기가 적에게 화상을 남깁니다.","Primary hits ignite enemies."
UPGRADE_KINETIC_ROUNDS_TITLE,"운동탄","Kinetic Rounds"
UPGRADE_KINETIC_ROUNDS_DESC,"주무기 피해를 안정적으로 높입니다.","Reliably increases primary damage."
UPGRADE_MASS_DRIVER_TITLE,"질량 가속기","Mass Driver"
UPGRADE_MASS_DRIVER_DESC,"탄환 크기와 구조물 피해를 높입니다.","Increases projectile size and structure damage."
UPGRADE_PHASE_SEEKER_TITLE,"위상 추적탄","Phase Seeker"
UPGRADE_PHASE_SEEKER_DESC,"보조 추적탄이 적을 관통합니다.","Passive seekers pierce enemies."
UPGRADE_PICKUP_MAGNET_TITLE,"수집 자석","Pickup Magnet"
UPGRADE_PICKUP_MAGNET_DESC,"경험치 원석 수집 범위를 늘립니다.","Increases experience-shard collection radius."
UPGRADE_RAPID_CYCLE_TITLE,"고속 순환","Rapid Cycle"
UPGRADE_RAPID_CYCLE_DESC,"주무기 발사 간격을 줄입니다.","Reduces primary firing interval."
UPGRADE_REINFORCED_HULL_TITLE,"강화 선체","Reinforced Hull"
UPGRADE_REINFORCED_HULL_DESC,"최대 체력을 높이고 즉시 일부를 회복합니다.","Increases maximum health and restores part of it."
UPGRADE_RICOCHET_MATRIX_TITLE,"도탄 행렬","Ricochet Matrix"
UPGRADE_RICOCHET_MATRIX_DESC,"주무기 탄환이 엄폐물에서 한 번 튕깁니다.","Primary rounds bounce once from solid cover."
UPGRADE_SEEKER_CYCLE_TITLE,"추적탄 순환","Seeker Cycle"
UPGRADE_SEEKER_CYCLE_DESC,"보조 추적탄의 발사 간격을 줄입니다.","Reduces passive seeker cooldown."
UPGRADE_SEEKER_WARHEAD_TITLE,"추적탄 탄두","Seeker Warhead"
UPGRADE_SEEKER_WARHEAD_DESC,"보조 추적탄의 피해를 높입니다.","Increases passive seeker damage."
UPGRADE_SHATTER_TITLE,"빙쇄","Shatter"
UPGRADE_SHATTER_DESC,"둔화된 적에게 강공격이 추가 피해를 줍니다.","Opening shots deal bonus damage to slowed enemies."
UPGRADE_STABILIZER_TITLE,"안정기","Stabilizer"
UPGRADE_STABILIZER_DESC,"주무기 탄퍼짐을 줄여 집중 사격을 돕습니다.","Tightens primary spread for focused fire."
UPGRADE_THERMAL_COMPOUND_TITLE,"열반응 혼합물","Thermal Compound"
UPGRADE_THERMAL_COMPOUND_DESC,"화상 피해의 지속시간과 피해량을 높입니다.","Improves burn duration and damage."
UPGRADE_TOXIN_CORE_TITLE,"독성 코어","Toxin Core"
UPGRADE_TOXIN_CORE_DESC,"주무기가 적에게 지속 독 피해를 남깁니다.","Primary hits apply poison damage over time."
UPGRADE_TUNED_THRUSTERS_TITLE,"조율 추진기","Tuned Thrusters"
UPGRADE_TUNED_THRUSTERS_DESC,"기본 이동 속도를 높입니다.","Increases base movement speed."
UPGRADE_STAT_PRIMARY_PROJECTILE_SPEED,"탄속","Projectile speed"
UPGRADE_STAT_OPENING_BREACH_MULTIPLIER,"강공격 파쇄","Opening breach"
UPGRADE_STAT_DASH_COOLDOWN_MULTIPLIER,"대시 대기시간","Dash cooldown"
UPGRADE_STAT_EMP_COOLDOWN_MULTIPLIER,"EMP 대기시간","EMP cooldown"
UPGRADE_STAT_EMP_DAMAGE_MULTIPLIER,"EMP 피해","EMP damage"
UPGRADE_STAT_EMP_RADIUS_MULTIPLIER,"EMP 범위","EMP radius"
UPGRADE_STAT_OPENING_SECONDS_MULTIPLIER,"강공격 준비시간","Opening charge time"
UPGRADE_STAT_BARRIER_BONUS,"방벽","Barrier"
UPGRADE_STAT_FIELD_DURATION_MULTIPLIER,"아이템 지속시간","Item duration"
UPGRADE_STAT_PRIMARY_DAMAGE_MULTIPLIER,"주무기 피해","Primary damage"
UPGRADE_STAT_PRIMARY_RADIUS,"탄환 크기","Projectile size"
UPGRADE_STAT_PRIMARY_STRUCTURE,"구조물 피해","Structure damage"
UPGRADE_STAT_PICKUP_RADIUS_BONUS,"수집 범위","Pickup reach"
UPGRADE_STAT_PRIMARY_INTERVAL,"발사 간격","Fire interval"
UPGRADE_STAT_MAX_HEALTH_BONUS,"최대 체력","Maximum hull"
UPGRADE_STAT_PASSIVE_INTERVAL,"추적탄 간격","Seeker interval"
UPGRADE_STAT_PASSIVE_DAMAGE_MULTIPLIER,"추적탄 피해","Seeker damage"
UPGRADE_STAT_PRIMARY_RANGE,"사거리","Range"
UPGRADE_STAT_PRIMARY_SPREAD,"탄퍼짐","Spread"
UPGRADE_STAT_MOVE_SPEED_MULTIPLIER,"이동 속도","Move speed"
ENEMY_RAMMER,"충각기","Rammer"
ENEMY_REPAIR_TENDER,"수리 지원기","Repair Tender"
ENEMY_DRONE_CARRIER,"드론 모함","Drone Carrier"
ENEMY_BEAM_SENTINEL,"광선 파수기","Beam Sentinel"
UPGRADE_SHOCK_BREACH_TITLE,"충격 파쇄","Shock Breach"
UPGRADE_SHOCK_BREACH_DESC,"완전 충전 강공격이 90 범위에 레벨당 강공격 피해의 45%를 방출합니다.","A full opening hit emits a 90-range shock for 45% opening damage per level."
UPGRADE_MARKED_SALVO_TITLE,"표식 일제사","Marked Salvo"
UPGRADE_MARKED_SALVO_DESC,"주무기 명중이 대상을 2.5초 표식합니다. 추적탄이 우선 조준하고 25% 더 강해집니다.","Primary hits mark one target for 2.5 seconds; seekers prioritize it and deal 25% more damage."
UPGRADE_PHASE_SHEAR_TITLE,"위상 절단","Phase Shear"
UPGRADE_PHASE_SHEAR_DESC,"대시로 통과한 적 하나를 3초간 표식해 받는 피해를 20% 높입니다.","Dashing through one enemy marks it to take 20% more damage for 3 seconds."
UPGRADE_COOLANT_WAKE_TITLE,"냉각 점화","Coolant Surge"
UPGRADE_COOLANT_WAKE_DESC,"대시 완료 후 2초간 주무기 발사 속도가 15% 빨라집니다.","Completing a dash increases primary fire rate by 15% for two seconds."
UPGRADE_STATIC_AEGIS_TITLE,"정전기 방벽","Static Aegis"
UPGRADE_STATIC_AEGIS_DESC,"EMP 사용 시 10초간 방벽 18을 생성하며, 2레벨에는 24를 생성합니다.","EMP creates 18 barrier for ten seconds, or 24 barrier at level two."
UPGRADE_RELAY_OVERLOAD_TITLE,"중계 과부하","Relay Overload"
UPGRADE_RELAY_OVERLOAD_DESC,"EMP가 일반 지원기와 설비를 레벨당 2.5초 더 정지시킵니다.","EMP disables ordinary supports and installations for 2.5 additional seconds per level."
UPGRADE_SALVAGE_BOOSTER_TITLE,"회수 추진기","Salvage Booster"
UPGRADE_SALVAGE_BOOSTER_DESC,"필드 아이템을 먹으면 4초간 이동 속도가 15%, 2레벨에는 22% 증가합니다.","Collecting a field item grants 15% movement speed for four seconds, or 22% at level two."
STAGE_DROWNED_RUINS_1,"침수 유적 · 1구역","Drowned Ruins · Sector 1"
STAGE_DROWNED_RUINS_2,"침수 유적 · 2구역","Drowned Ruins · Sector 2"
STAGE_DROWNED_RUINS_3,"침수 유적 · 3구역","Drowned Ruins · Sector 3"
STAGE_DROWNED_RUINS_4,"침수 유적 · 4구역","Drowned Ruins · Sector 4"
STAGE_DROWNED_RUINS_5,"침수 유적 · 심층","Drowned Ruins · Depths"
OBJECTIVE_THREATS,"위협 처치 %d / %d","Threats defeated %d / %d"
OBJECTIVE_THREATS_DETAIL,"전장 어디서든 적을 처치하면 보스가 접근합니다.","Defeat threats anywhere on the field to draw out the boss."
OBJECTIVE_BOSS_INBOUND,"%s 접근 중","%s inbound"
OBJECTIVE_BOSS_INBOUND_DETAIL,"붉은 경고 방향과 미니맵을 확인하세요.","Check the red threat direction and minimap."
NOTIFY_BOSS_INBOUND,"강력한 적 접근 · 도착 지점 표시","Major threat inbound · arrival marked"
SECONDARY_SEEKER_NAME,"추적 발사기","Seeker Launcher"
SECONDARY_SEEKER_DESC,"시야 안의 우선 표적을 자동 추적합니다.","Automatically tracks a priority target in line of sight."
SECONDARY_ION_FIELD_NAME,"이온 역장","Ion Field"
SECONDARY_ION_FIELD_DESC,"기체 가까이 접근한 적에게 지속 피해를 줍니다.","Continuously damages enemies close to the ship."
SECONDARY_ORBIT_BLADES_NAME,"궤도 칼날","Orbit Blades"
SECONDARY_ORBIT_BLADES_DESC,"기체 주위를 도는 칼날이 접촉한 적을 공격합니다.","Orbiting blades strike enemies on contact."
SECONDARY_WAKE_MINES_NAME,"항적 기뢰","Wake Mine Layer"
SECONDARY_WAKE_MINES_DESC,"이동 경로 뒤에 제한된 수의 기뢰를 배치합니다.","Drops a bounded set of mines behind the ship."
SECONDARY_ESCORT_DRONE_NAME,"호위 드론","Escort Drone"
SECONDARY_ESCORT_DRONE_DESC,"분리된 위치에서 가까운 적을 자동 공격합니다.","Automatically attacks nearby enemies from a displaced position."
UPGRADE_ION_FIELD_TITLE,"이온 역장","Ion Field"
UPGRADE_ION_FIELD_DESC,"근거리 지속 피해 역장을 획득하고 강화합니다.","Acquire and improve a close-range damage field."
UPGRADE_ORBIT_BLADES_TITLE,"궤도 칼날","Orbit Blades"
UPGRADE_ORBIT_BLADES_DESC,"접촉 피해를 주는 회전 칼날의 수와 피해를 높입니다.","Increase the count and damage of orbiting contact blades."
UPGRADE_WAKE_MINES_TITLE,"항적 기뢰","Wake Mine Layer"
UPGRADE_WAKE_MINES_DESC,"뒤에 남기는 기뢰의 피해, 수, 배치 속도를 높입니다.","Improve the damage, cap, and cadence of wake mines."
UPGRADE_ESCORT_DRONE_TITLE,"호위 드론","Escort Drone"
UPGRADE_ESCORT_DRONE_DESC,"자동 사격 드론의 피해와 발사 속도를 높입니다.","Improve an automatic escort drone's damage and cadence."
GUIDE_TITLE,"가이드북","Guidebook"
GUIDE_CURRENT_SHIP,"현재 기체","Current Ship"
GUIDE_CATEGORY_SHIP,"현재 기체","Current Ship"
GUIDE_CATEGORY_MOBILE,"이동형 적","Mobile Enemies"
GUIDE_CATEGORY_STATIONARY,"고정형 위협","Stationary Threats"
GUIDE_CATEGORY_BOSSES,"보스","Bosses"
GUIDE_CATEGORY_OBJECTS,"필드 오브젝트","Field Objects"
GUIDE_SHIP_STATS,"내구도 %d / %d\n레벨 %d · 경험치 %d / %d\n기본 이동 속도 %.1f · 현재 %.1f\n\n보조무기\n%s\n\n획득 업그레이드\n%s","Hull %d / %d\nLevel %d · XP %d / %d\nBase speed %.1f · Current %.1f\n\nSecondaries\n%s\n\nAcquired upgrades\n%s"
GUIDE_MOBILE_SWARM_DESC,"작은 무리로 접근합니다. 움직이며 수를 줄이세요.","Approaches in small groups. Keep moving and thin the pack."
GUIDE_MOBILE_RANGED_DESC,"거리를 유지하며 투사체를 발사합니다. 엄폐물로 사선을 끊으세요.","Maintains range and fires projectiles. Break line of sight with cover."
GUIDE_MOBILE_MINELET_DESC,"천천히 접근해 가까운 거리에서 폭발합니다. 먼저 거리를 벌려 제거하세요.","Drifts closer and detonates at short range. Create space and remove it early."
GUIDE_MOBILE_CHASER_DESC,"기체를 직접 추격합니다. 대시로 포위망을 벗어나세요.","Pursues the ship directly. Dash out before it surrounds you."
GUIDE_MOBILE_CONTROLLER_DESC,"이동 공간을 제한하는 공격을 사용합니다. 예고 영역을 먼저 피하세요.","Uses space-denial attacks. Leave the warning area first."
GUIDE_MOBILE_SUPPORT_DESC,"주변 적을 보호하거나 회복합니다. 우선 공격하세요.","Protects or repairs nearby enemies. Prioritize it."
GUIDE_MOBILE_ARTILLERY_DESC,"먼 거리에서 착탄 지점을 예고합니다. 계속 이동하세요.","Marks distant impact zones. Keep moving."
GUIDE_MOBILE_RAMMER_DESC,"예고 후 직선으로 돌진합니다. 측면 대시 뒤 반격하세요.","Charges in a line after a tell. Sidestep, then counterattack."
GUIDE_MOBILE_CARRIER_DESC,"추가 드론을 전개합니다. 전장이 붐비기 전에 파괴하세요.","Deploys extra drones. Destroy it before the field fills."
GUIDE_STATIONARY_TURRET_DESC,"고정 위치에서 탄환을 발사합니다. 엄폐물을 이용하세요.","Fires from a fixed position. Use solid cover."
GUIDE_STATIONARY_MINE_DESC,"가까이 접근하면 폭발합니다. 원거리에서 제거하세요.","Detonates at close range. Remove it from a distance."
GUIDE_STATIONARY_INTERCEPTOR_DESC,"플레이어 탄환을 제한 횟수 요격합니다. 사격을 분산하세요.","Intercepts a limited number of player shots. Vary your fire."
GUIDE_STATIONARY_BEAM_DESC,"긴 광선을 예고한 뒤 발사합니다. 사선 밖으로 이동하세요.","Telegraphs a long beam. Move out of its line."
GUIDE_STATIONARY_GENERATOR_DESC,"주변 적에게 방어막을 제공합니다. 먼저 파괴하세요.","Shields nearby enemies. Destroy it first."
GUIDE_STATIONARY_PYLON_DESC,"보스의 방어를 강화합니다. 보스보다 먼저 제거하세요.","Reinforces the boss. Remove it before focusing the boss."
GUIDE_BOSS_1_DESC,"직선 돌진과 쌍열 사격을 번갈아 사용합니다. 회복 구간을 노리세요.","Alternates direct charges and twin lanes. Attack during recovery."
GUIDE_BOSS_2_DESC,"부채꼴 탄막과 광선으로 이동 경로를 압박합니다.","Pressures routes with projectile fans and beams."
GUIDE_BOSS_3_DESC,"넓은 바닥 공격과 증원으로 공간을 장악합니다.","Controls space with broad ground attacks and reinforcements."
GUIDE_BOSS_4_DESC,"돌진, 충격파, 광선을 빠르게 조합합니다.","Rapidly combines charges, shockwaves, and beams."
GUIDE_BOSS_5_DESC,"다방향 공격과 파일런을 사용합니다. 안전한 각도를 계속 찾으세요.","Uses multi-direction attacks and pylons. Keep finding a safe angle."
GUIDE_OBJECT_EXPERIENCE_NAME,"경험치 원석","Experience Shard"
GUIDE_OBJECT_EXPERIENCE_DESC,"직접 회수해야 경험치가 증가합니다.","Must be collected to gain experience."
GUIDE_OBJECT_REPAIR_NAME,"수리 캡슐","Repair Pickup"
GUIDE_OBJECT_REPAIR_DESC,"기체 내구도를 즉시 회복합니다.","Immediately restores hull integrity."
GUIDE_OBJECT_RECALL_NAME,"회수 신호기","Experience Recall"
GUIDE_OBJECT_RECALL_DESC,"필드에 남은 경험치 원석을 기체로 끌어옵니다.","Pulls all experience shards on the field toward the ship."
GUIDE_OBJECT_CRATE_NAME,"보급 상자","Supply Crate"
GUIDE_OBJECT_CRATE_DESC,"파괴하면 회복 또는 회수 아이템을 떨어뜨립니다.","Drops a repair or recall item when destroyed."
