"index","domain","category","status","asset_name","path","width","height","bytes"
"1","gameplay","sheets","review_sheet_only","01-player-weapons","art/gameplay/semantic-v2/sheets/01-player-weapons.png","1328","873","1461125"
"2","gameplay","sheets","review_sheet_only","02-enemies","art/gameplay/semantic-v2/sheets/02-enemies.png","1584","768","1669608"
"3","gameplay","sheets","review_sheet_only","03-bosses-modules","art/gameplay/semantic-v2/sheets/03-bosses-modules.png","1640","948","2140957"
"4","gameplay","sheets","review_sheet_only","04-projectiles-status-pickups","art/gameplay/semantic-v2/sheets/04-projectiles-status-pickups.png","1644","738","1189606"
"5","gameplay","sheets","review_sheet_only","05-world","art/gameplay/semantic-v2/sheets/05-world.png","1620","1256","2911847"
"6","gameplay","sheets","review_sheet_only","06-hud-glyphs","art/gameplay/semantic-v2/sheets/06-hud-glyphs.png","1680","708","1683416"
"7","gameplay","sheets","review_sheet_only","07-effect-atlases","art/gameplay/semantic-v2/sheets/07-effect-atlases.png","1592","2000","1537459"
"8","gameplay","sheets","review_sheet_only","08-effect-semantic-expansion","art/gameplay/semantic-v2/sheets/08-effect-semantic-expansion.png","1168","976","399974"
"9","gameplay","sheets","review_sheet_only","09-combat-cue-glyphs","art/gameplay/semantic-v2/sheets/09-combat-cue-glyphs.png","1148","1046","389893"
"10","gameplay","effects","runtime_effect_atlas","fx_barrier_contact","art/gameplay/semantic-v2/effects/atlases/fx_barrier_contact.png","648","128","64800"
"11","gameplay","effects","runtime_effect_atlas","fx_boss_module_disabled","art/gameplay/semantic-v2/effects/atlases/fx_boss_module_disabled.png","528","132","59254"
"12","gameplay","effects","runtime_effect_atlas","fx_boss_reduced_hit","art/gameplay/semantic-v2/effects/atlases/fx_boss_reduced_hit.png","390","96","13946"
"13","gameplay","effects","runtime_effect_atlas","fx_bulkhead_destroy","art/gameplay/semantic-v2/effects/atlases/fx_bulkhead_destroy.png","1300","260","219655"
"14","gameplay","effects","runtime_effect_atlas","fx_crate_destroy","art/gameplay/semantic-v2/effects/atlases/fx_crate_destroy.png","648","128","60441"
"15","gameplay","effects","runtime_effect_atlas","fx_dash_start","art/gameplay/semantic-v2/effects/atlases/fx_dash_start.png","300","52","10786"
"16","gameplay","effects","runtime_effect_atlas","fx_emp_release","art/gameplay/semantic-v2/effects/atlases/fx_emp_release.png","1548","1032","194643"
"17","gameplay","effects","runtime_effect_atlas","fx_enemy_destroy_heavy","art/gameplay/semantic-v2/effects/atlases/fx_enemy_destroy_heavy.png","1162","192","202280"
"18","gameplay","effects","runtime_effect_atlas","fx_enemy_destroy_light","art/gameplay/semantic-v2/effects/atlases/fx_enemy_destroy_light.png","808","160","87637"
"19","gameplay","effects","runtime_effect_atlas","fx_escort_drone_impact","art/gameplay/semantic-v2/effects/atlases/fx_escort_drone_impact.png","390","96","21358"
"20","gameplay","effects","runtime_effect_atlas","fx_hostile_summon_arrival","art/gameplay/semantic-v2/effects/atlases/fx_hostile_summon_arrival.png","588","392","29859"
"21","gameplay","effects","runtime_effect_atlas","fx_hull_hit","art/gameplay/semantic-v2/effects/atlases/fx_hull_hit.png","390","96","18837"
"22","gameplay","effects","runtime_effect_atlas","fx_impact_damage","art/gameplay/semantic-v2/effects/atlases/fx_impact_damage.png","340","68","13684"
"23","gameplay","effects","runtime_effect_atlas","fx_lifesteal_pulse","art/gameplay/semantic-v2/effects/atlases/fx_lifesteal_pulse.png","262","64","8237"
"24","gameplay","effects","runtime_effect_atlas","fx_muzzle_player_primary","art/gameplay/semantic-v2/effects/atlases/fx_muzzle_player_primary.png","208","52","7520"
"25","gameplay","effects","runtime_effect_atlas","fx_orbit_blade_impact","art/gameplay/semantic-v2/effects/atlases/fx_orbit_blade_impact.png","390","96","7332"
"26","gameplay","effects","runtime_effect_atlas","fx_pickup_intake","art/gameplay/semantic-v2/effects/atlases/fx_pickup_intake.png","390","96","23484"
"27","gameplay","effects","runtime_effect_atlas","fx_reflect_deflection","art/gameplay/semantic-v2/effects/atlases/fx_reflect_deflection.png","488","96","22721"
"28","gameplay","effects","runtime_effect_atlas","fx_seeker_impact","art/gameplay/semantic-v2/effects/atlases/fx_seeker_impact.png","390","96","16830"
"29","gameplay","effects","runtime_effect_atlas","fx_support_heal","art/gameplay/semantic-v2/effects/atlases/fx_support_heal.png","518","128","40215"
"30","gameplay","effects","runtime_effect_atlas","fx_transit_shift","art/gameplay/semantic-v2/effects/atlases/fx_transit_shift.png","808","96","48705"
"31","gameplay","effects","runtime_effect_atlas","fx_wake_mine_detonation","art/gameplay/semantic-v2/effects/atlases/fx_wake_mine_detonation.png","1300","260","153126"
"32","gameplay","effects","runtime_effect_frame","frame_00","art/gameplay/semantic-v2/effects/frames/fx_barrier_contact/frame_00.png","128","128","11552"
"33","gameplay","effects","runtime_effect_frame","frame_01","art/gameplay/semantic-v2/effects/frames/fx_barrier_contact/frame_01.png","128","128","17698"
"34","gameplay","effects","runtime_effect_frame","frame_02","art/gameplay/semantic-v2/effects/frames/fx_barrier_contact/frame_02.png","128","128","19939"
"35","gameplay","effects","runtime_effect_frame","frame_03","art/gameplay/semantic-v2/effects/frames/fx_barrier_contact/frame_03.png","128","128","12565"
"36","gameplay","effects","runtime_effect_frame","frame_04","art/gameplay/semantic-v2/effects/frames/fx_barrier_contact/frame_04.png","128","128","3584"
"37","gameplay","effects","runtime_effect_frame","frame_00","art/gameplay/semantic-v2/effects/frames/fx_boss_module_disabled/frame_00.png","128","128","17059"
"38","gameplay","effects","runtime_effect_frame","frame_01","art/gameplay/semantic-v2/effects/frames/fx_boss_module_disabled/frame_01.png","128","128","21164"
"39","gameplay","effects","runtime_effect_frame","frame_02","art/gameplay/semantic-v2/effects/frames/fx_boss_module_disabled/frame_02.png","128","128","25741"
"40","gameplay","effects","runtime_effect_frame","frame_03","art/gameplay/semantic-v2/effects/frames/fx_boss_module_disabled/frame_03.png","128","128","8502"
"41","gameplay","effects","runtime_effect_frame","frame_00","art/gameplay/semantic-v2/effects/frames/fx_boss_reduced_hit/frame_00.png","96","96","4755"
"42","gameplay","effects","runtime_effect_frame","frame_01","art/gameplay/semantic-v2/effects/frames/fx_boss_reduced_hit/frame_01.png","96","96","6457"
"43","gameplay","effects","runtime_effect_frame","frame_02","art/gameplay/semantic-v2/effects/frames/fx_boss_reduced_hit/frame_02.png","96","96","2238"
"44","gameplay","effects","runtime_effect_frame","frame_03","art/gameplay/semantic-v2/effects/frames/fx_boss_reduced_hit/frame_03.png","96","96","967"
"45","gameplay","effects","runtime_effect_frame","frame_00","art/gameplay/semantic-v2/effects/frames/fx_bulkhead_destroy/frame_00.png","256","256","53947"
"46","gameplay","effects","runtime_effect_frame","frame_01","art/gameplay/semantic-v2/effects/frames/fx_bulkhead_destroy/frame_01.png","256","256","58032"
"47","gameplay","effects","runtime_effect_frame","frame_02","art/gameplay/semantic-v2/effects/frames/fx_bulkhead_destroy/frame_02.png","256","256","56411"
"48","gameplay","effects","runtime_effect_frame","frame_03","art/gameplay/semantic-v2/effects/frames/fx_bulkhead_destroy/frame_03.png","256","256","62112"
"49","gameplay","effects","runtime_effect_frame","frame_04","art/gameplay/semantic-v2/effects/frames/fx_bulkhead_destroy/frame_04.png","256","256","8473"
"50","gameplay","effects","runtime_effect_frame","frame_00","art/gameplay/semantic-v2/effects/frames/fx_crate_destroy/frame_00.png","128","128","17702"
"51","gameplay","effects","runtime_effect_frame","frame_01","art/gameplay/semantic-v2/effects/frames/fx_crate_destroy/frame_01.png","128","128","14974"
"52","gameplay","effects","runtime_effect_frame","frame_02","art/gameplay/semantic-v2/effects/frames/fx_crate_destroy/frame_02.png","128","128","14667"
"53","gameplay","effects","runtime_effect_frame","frame_03","art/gameplay/semantic-v2/effects/frames/fx_crate_destroy/frame_03.png","128","128","10315"
"54","gameplay","effects","runtime_effect_frame","frame_04","art/gameplay/semantic-v2/effects/frames/fx_crate_destroy/frame_04.png","128","128","1507"
"55","gameplay","effects","runtime_effect_frame","frame_00","art/gameplay/semantic-v2/effects/frames/fx_dash_start/frame_00.png","96","48","5944"
"56","gameplay","effects","runtime_effect_frame","frame_01","art/gameplay/semantic-v2/effects/frames/fx_dash_start/frame_01.png","96","48","5880"
"57","gameplay","effects","runtime_effect_frame","frame_02","art/gameplay/semantic-v2/effects/frames/fx_dash_start/frame_02.png","96","48","4347"
"58","gameplay","effects","runtime_effect_frame","frame_00","art/gameplay/semantic-v2/effects/frames/fx_emp_release/frame_00.png","512","512","18932"
"59","gameplay","effects","runtime_effect_frame","frame_01","art/gameplay/semantic-v2/effects/frames/fx_emp_release/frame_01.png","512","512","32877"
"60","gameplay","effects","runtime_effect_frame","frame_02","art/gameplay/semantic-v2/effects/frames/fx_emp_release/frame_02.png","512","512","67503"
"61","gameplay","effects","runtime_effect_frame","frame_03","art/gameplay/semantic-v2/effects/frames/fx_emp_release/frame_03.png","512","512","76951"
"62","gameplay","effects","runtime_effect_frame","frame_04","art/gameplay/semantic-v2/effects/frames/fx_emp_release/frame_04.png","512","512","32091"
"63","gameplay","effects","runtime_effect_frame","frame_05","art/gameplay/semantic-v2/effects/frames/fx_emp_release/frame_05.png","512","512","15606"
"64","gameplay","effects","runtime_effect_frame","frame_00","art/gameplay/semantic-v2/effects/frames/fx_enemy_destroy_heavy/frame_00.png","192","192","43077"
"65","gameplay","effects","runtime_effect_frame","frame_01","art/gameplay/semantic-v2/effects/frames/fx_enemy_destroy_heavy/frame_01.png","192","192","44957"
"66","gameplay","effects","runtime_effect_frame","frame_02","art/gameplay/semantic-v2/effects/frames/fx_enemy_destroy_heavy/frame_02.png","192","192","35899"
"67","gameplay","effects","runtime_effect_frame","frame_03","art/gameplay/semantic-v2/effects/frames/fx_enemy_destroy_heavy/frame_03.png","192","192","46833"
"68","gameplay","effects","runtime_effect_frame","frame_04","art/gameplay/semantic-v2/effects/frames/fx_enemy_destroy_heavy/frame_04.png","192","192","26285"
"69","gameplay","effects","runtime_effect_frame","frame_05","art/gameplay/semantic-v2/effects/frames/fx_enemy_destroy_heavy/frame_05.png","192","192","3569"
"70","gameplay","effects","runtime_effect_frame","frame_00","art/gameplay/semantic-v2/effects/frames/fx_enemy_destroy_light/frame_00.png","160","160","24850"
"71","gameplay","effects","runtime_effect_frame","frame_01","art/gameplay/semantic-v2/effects/frames/fx_enemy_destroy_light/frame_01.png","160","160","32821"
"72","gameplay","effects","runtime_effect_frame","frame_02","art/gameplay/semantic-v2/effects/frames/fx_enemy_destroy_light/frame_02.png","160","160","20455"
"73","gameplay","effects","runtime_effect_frame","frame_03","art/gameplay/semantic-v2/effects/frames/fx_enemy_destroy_light/frame_03.png","160","160","7349"
"74","gameplay","effects","runtime_effect_frame","frame_04","art/gameplay/semantic-v2/effects/frames/fx_enemy_destroy_light/frame_04.png","160","160","990"
"75","gameplay","effects","runtime_effect_frame","frame_00","art/gameplay/semantic-v2/effects/frames/fx_escort_drone_impact/frame_00.png","96","96","6794"
"76","gameplay","effects","runtime_effect_frame","frame_01","art/gameplay/semantic-v2/effects/frames/fx_escort_drone_impact/frame_01.png","96","96","6201"
"77","gameplay","effects","runtime_effect_frame","frame_02","art/gameplay/semantic-v2/effects/frames/fx_escort_drone_impact/frame_02.png","96","96","6492"
"78","gameplay","effects","runtime_effect_frame","frame_03","art/gameplay/semantic-v2/effects/frames/fx_escort_drone_impact/frame_03.png","96","96","2386"
"79","gameplay","effects","runtime_effect_frame","frame_00","art/gameplay/semantic-v2/effects/frames/fx_hostile_summon_arrival/frame_00.png","192","192","4094"
"80","gameplay","effects","runtime_effect_frame","frame_01","art/gameplay/semantic-v2/effects/frames/fx_hostile_summon_arrival/frame_01.png","192","192","6152"
"81","gameplay","effects","runtime_effect_frame","frame_02","art/gameplay/semantic-v2/effects/frames/fx_hostile_summon_arrival/frame_02.png","192","192","8137"
"82","gameplay","effects","runtime_effect_frame","frame_03","art/gameplay/semantic-v2/effects/frames/fx_hostile_summon_arrival/frame_03.png","192","192","8991"
"83","gameplay","effects","runtime_effect_frame","frame_04","art/gameplay/semantic-v2/effects/frames/fx_hostile_summon_arrival/frame_04.png","192","192","7435"
"84","gameplay","effects","runtime_effect_frame","frame_05","art/gameplay/semantic-v2/effects/frames/fx_hostile_summon_arrival/frame_05.png","192","192","8470"
"85","gameplay","effects","runtime_effect_frame","frame_00","art/gameplay/semantic-v2/effects/frames/fx_hull_hit/frame_00.png","96","96","5261"
"86","gameplay","effects","runtime_effect_frame","frame_01","art/gameplay/semantic-v2/effects/frames/fx_hull_hit/frame_01.png","96","96","8224"
"87","gameplay","effects","runtime_effect_frame","frame_02","art/gameplay/semantic-v2/effects/frames/fx_hull_hit/frame_02.png","96","96","4552"
"88","gameplay","effects","runtime_effect_frame","frame_03","art/gameplay/semantic-v2/effects/frames/fx_hull_hit/frame_03.png","96","96","990"
"89","gameplay","effects","runtime_effect_frame","frame_00","art/gameplay/semantic-v2/effects/frames/fx_impact_damage/frame_00.png","64","64","1734"
"90","gameplay","effects","runtime_effect_frame","frame_01","art/gameplay/semantic-v2/effects/frames/fx_impact_damage/frame_01.png","64","64","3939"
"91","gameplay","effects","runtime_effect_frame","frame_02","art/gameplay/semantic-v2/effects/frames/fx_impact_damage/frame_02.png","64","64","8986"
"92","gameplay","effects","runtime_effect_frame","frame_03","art/gameplay/semantic-v2/effects/frames/fx_impact_damage/frame_03.png","64","64","4930"
"93","gameplay","effects","runtime_effect_frame","frame_04","art/gameplay/semantic-v2/effects/frames/fx_impact_damage/frame_04.png","64","64","1354"
"94","gameplay","effects","runtime_effect_frame","frame_00","art/gameplay/semantic-v2/effects/frames/fx_lifesteal_pulse/frame_00.png","64","64","1670"
"95","gameplay","effects","runtime_effect_frame","frame_01","art/gameplay/semantic-v2/effects/frames/fx_lifesteal_pulse/frame_01.png","64","64","2012"
"96","gameplay","effects","runtime_effect_frame","frame_02","art/gameplay/semantic-v2/effects/frames/fx_lifesteal_pulse/frame_02.png","64","64","2339"
"97","gameplay","effects","runtime_effect_frame","frame_03","art/gameplay/semantic-v2/effects/frames/fx_lifesteal_pulse/frame_03.png","64","64","2314"
"98","gameplay","effects","runtime_effect_frame","frame_00","art/gameplay/semantic-v2/effects/frames/fx_muzzle_player_primary/frame_00.png","48","48","1657"
"99","gameplay","effects","runtime_effect_frame","frame_01","art/gameplay/semantic-v2/effects/frames/fx_muzzle_player_primary/frame_01.png","48","48","2570"
"100","gameplay","effects","runtime_effect_frame","frame_02","art/gameplay/semantic-v2/effects/frames/fx_muzzle_player_primary/frame_02.png","48","48","4865"
"101","gameplay","effects","runtime_effect_frame","frame_03","art/gameplay/semantic-v2/effects/frames/fx_muzzle_player_primary/frame_03.png","48","48","2445"
"102","gameplay","effects","runtime_effect_frame","frame_00","art/gameplay/semantic-v2/effects/frames/fx_orbit_blade_impact/frame_00.png","96","96","1626"
"103","gameplay","effects","runtime_effect_frame","frame_01","art/gameplay/semantic-v2/effects/frames/fx_orbit_blade_impact/frame_01.png","96","96","2988"
"104","gameplay","effects","runtime_effect_frame","frame_02","art/gameplay/semantic-v2/effects/frames/fx_orbit_blade_impact/frame_02.png","96","96","2648"
"105","gameplay","effects","runtime_effect_frame","frame_03","art/gameplay/semantic-v2/effects/frames/fx_orbit_blade_impact/frame_03.png","96","96","584"
"106","gameplay","effects","runtime_effect_frame","frame_00","art/gameplay/semantic-v2/effects/frames/fx_pickup_intake/frame_00.png","96","96","5984"
"107","gameplay","effects","runtime_effect_frame","frame_01","art/gameplay/semantic-v2/effects/frames/fx_pickup_intake/frame_01.png","96","96","5323"
"108","gameplay","effects","runtime_effect_frame","frame_02","art/gameplay/semantic-v2/effects/frames/fx_pickup_intake/frame_02.png","96","96","7010"
"109","gameplay","effects","runtime_effect_frame","frame_03","art/gameplay/semantic-v2/effects/frames/fx_pickup_intake/frame_03.png","96","96","5783"
"110","gameplay","effects","runtime_effect_frame","frame_00","art/gameplay/semantic-v2/effects/frames/fx_reflect_deflection/frame_00.png","96","96","2693"
"111","gameplay","effects","runtime_effect_frame","frame_01","art/gameplay/semantic-v2/effects/frames/fx_reflect_deflection/frame_01.png","96","96","7151"
"112","gameplay","effects","runtime_effect_frame","frame_02","art/gameplay/semantic-v2/effects/frames/fx_reflect_deflection/frame_02.png","96","96","7832"
"113","gameplay","effects","runtime_effect_frame","frame_03","art/gameplay/semantic-v2/effects/frames/fx_reflect_deflection/frame_03.png","96","96","4600"
"114","gameplay","effects","runtime_effect_frame","frame_04","art/gameplay/semantic-v2/effects/frames/fx_reflect_deflection/frame_04.png","96","96","690"
"115","gameplay","effects","runtime_effect_frame","frame_00","art/gameplay/semantic-v2/effects/frames/fx_seeker_impact/frame_00.png","96","96","7645"
"116","gameplay","effects","runtime_effect_frame","frame_01","art/gameplay/semantic-v2/effects/frames/fx_seeker_impact/frame_01.png","96","96","5645"
"117","gameplay","effects","runtime_effect_frame","frame_02","art/gameplay/semantic-v2/effects/frames/fx_seeker_impact/frame_02.png","96","96","2975"
"118","gameplay","effects","runtime_effect_frame","frame_03","art/gameplay/semantic-v2/effects/frames/fx_seeker_impact/frame_03.png","96","96","1165"
"119","gameplay","effects","runtime_effect_frame","frame_00","art/gameplay/semantic-v2/effects/frames/fx_support_heal/frame_00.png","128","128","12717"
"120","gameplay","effects","runtime_effect_frame","frame_01","art/gameplay/semantic-v2/effects/frames/fx_support_heal/frame_01.png","128","128","13837"
"121","gameplay","effects","runtime_effect_frame","frame_02","art/gameplay/semantic-v2/effects/frames/fx_support_heal/frame_02.png","128","128","9977"
"122","gameplay","effects","runtime_effect_frame","frame_03","art/gameplay/semantic-v2/effects/frames/fx_support_heal/frame_03.png","128","128","3665"
"123","gameplay","effects","runtime_effect_frame","frame_00","art/gameplay/semantic-v2/effects/frames/fx_transit_shift/frame_00.png","160","96","9499"
"124","gameplay","effects","runtime_effect_frame","frame_01","art/gameplay/semantic-v2/effects/frames/fx_transit_shift/frame_01.png","160","96","9918"
"125","gameplay","effects","runtime_effect_frame","frame_02","art/gameplay/semantic-v2/effects/frames/fx_transit_shift/frame_02.png","160","96","14840"
"126","gameplay","effects","runtime_effect_frame","frame_03","art/gameplay/semantic-v2/effects/frames/fx_transit_shift/frame_03.png","160","96","10699"
"127","gameplay","effects","runtime_effect_frame","frame_04","art/gameplay/semantic-v2/effects/frames/fx_transit_shift/frame_04.png","160","96","4165"
"128","gameplay","effects","runtime_effect_frame","frame_00","art/gameplay/semantic-v2/effects/frames/fx_wake_mine_detonation/frame_00.png","256","256","18858"
"129","gameplay","effects","runtime_effect_frame","frame_01","art/gameplay/semantic-v2/effects/frames/fx_wake_mine_detonation/frame_01.png","256","256","34341"
"130","gameplay","effects","runtime_effect_frame","frame_02","art/gameplay/semantic-v2/effects/frames/fx_wake_mine_detonation/frame_02.png","256","256","87696"
"131","gameplay","effects","runtime_effect_frame","frame_03","art/gameplay/semantic-v2/effects/frames/fx_wake_mine_detonation/frame_03.png","256","256","31435"
"132","gameplay","effects","runtime_effect_frame","frame_04","art/gameplay/semantic-v2/effects/frames/fx_wake_mine_detonation/frame_04.png","256","256","6056"
"133","gameplay","actors","runtime_gameplay_static","actor_boss_behemoth_base","art/gameplay/semantic-v2/actors/bosses/actor_boss_behemoth_base.png","352","352","63412"
"134","gameplay","actors","runtime_gameplay_static","actor_boss_colossus_base","art/gameplay/semantic-v2/actors/bosses/actor_boss_colossus_base.png","352","352","102688"
"135","gameplay","actors","runtime_gameplay_static","actor_boss_crown_base","art/gameplay/semantic-v2/actors/bosses/actor_boss_crown_base.png","352","352","133494"
"136","gameplay","actors","runtime_gameplay_static","actor_boss_leviathan_base","art/gameplay/semantic-v2/actors/bosses/actor_boss_leviathan_base.png","352","352","59898"
"137","gameplay","actors","runtime_gameplay_static","actor_boss_titan_base","art/gameplay/semantic-v2/actors/bosses/actor_boss_titan_base.png","352","352","138235"
"138","gameplay","actors","runtime_gameplay_static","actor_boss_module_armor_car","art/gameplay/semantic-v2/actors/bosses/modules/actor_boss_module_armor_car.png","160","160","27920"
"139","gameplay","actors","runtime_gameplay_static","actor_boss_module_crown_lattice","art/gameplay/semantic-v2/actors/bosses/modules/actor_boss_module_crown_lattice.png","160","160","23661"
"140","gameplay","actors","runtime_gameplay_static","actor_boss_module_crown_pylon","art/gameplay/semantic-v2/actors/bosses/modules/actor_boss_module_crown_pylon.png","160","160","11471"
"141","gameplay","actors","runtime_gameplay_static","actor_boss_module_forge_plate_active","art/gameplay/semantic-v2/actors/bosses/modules/actor_boss_module_forge_plate_active.png","160","160","30430"
"142","gameplay","actors","runtime_gameplay_static","actor_boss_module_forge_plate_disabled","art/gameplay/semantic-v2/actors/bosses/modules/actor_boss_module_forge_plate_disabled.png","160","160","31092"
"143","gameplay","actors","runtime_gameplay_static","actor_boss_module_relay_negative","art/gameplay/semantic-v2/actors/bosses/modules/actor_boss_module_relay_negative.png","160","160","35316"
"144","gameplay","actors","runtime_gameplay_static","actor_boss_module_relay_positive","art/gameplay/semantic-v2/actors/bosses/modules/actor_boss_module_relay_positive.png","160","160","36737"
"145","gameplay","actors","runtime_gameplay_static","actor_boss_module_route_switch","art/gameplay/semantic-v2/actors/bosses/modules/actor_boss_module_route_switch.png","160","160","27827"
"146","gameplay","actors","runtime_gameplay_static","actor_boss_module_segment_lock_active","art/gameplay/semantic-v2/actors/bosses/modules/actor_boss_module_segment_lock_active.png","160","160","18532"
"147","gameplay","actors","runtime_gameplay_static","actor_boss_module_segment_lock_disabled","art/gameplay/semantic-v2/actors/bosses/modules/actor_boss_module_segment_lock_disabled.png","160","160","18526"
"148","gameplay","actors","runtime_gameplay_static","actor_enemy_artillery_spotter_base","art/gameplay/semantic-v2/actors/enemies/actor_enemy_artillery_spotter_base.png","112","112","9116"
"149","gameplay","actors","runtime_gameplay_static","actor_enemy_beam_sentinel_base","art/gameplay/semantic-v2/actors/enemies/actor_enemy_beam_sentinel_base.png","160","160","12268"
"150","gameplay","actors","runtime_gameplay_static","actor_enemy_boss_pylon_base","art/gameplay/semantic-v2/actors/enemies/actor_enemy_boss_pylon_base.png","160","160","32567"
"151","gameplay","actors","runtime_gameplay_static","actor_enemy_bulkhead_guard_base","art/gameplay/semantic-v2/actors/enemies/actor_enemy_bulkhead_guard_base.png","112","112","13068"
"152","gameplay","actors","runtime_gameplay_static","actor_enemy_chaser_base","art/gameplay/semantic-v2/actors/enemies/actor_enemy_chaser_base.png","112","112","13886"
"153","gameplay","actors","runtime_gameplay_static","actor_enemy_controller_base","art/gameplay/semantic-v2/actors/enemies/actor_enemy_controller_base.png","112","112","12182"
"154","gameplay","actors","runtime_gameplay_static","actor_enemy_drone_carrier_base","art/gameplay/semantic-v2/actors/enemies/actor_enemy_drone_carrier_base.png","112","112","17425"
"155","gameplay","actors","runtime_gameplay_static","actor_enemy_generator_base","art/gameplay/semantic-v2/actors/enemies/actor_enemy_generator_base.png","160","160","30989"
"156","gameplay","actors","runtime_gameplay_static","actor_enemy_interceptor_tower_base","art/gameplay/semantic-v2/actors/enemies/actor_enemy_interceptor_tower_base.png","160","160","33713"
"157","gameplay","actors","runtime_gameplay_static","actor_enemy_mine_base","art/gameplay/semantic-v2/actors/enemies/actor_enemy_mine_base.png","160","160","42420"
"158","gameplay","actors","runtime_gameplay_static","actor_enemy_needle_drone_base","art/gameplay/semantic-v2/actors/enemies/actor_enemy_needle_drone_base.png","112","112","7079"
"159","gameplay","actors","runtime_gameplay_static","actor_enemy_rammer_base","art/gameplay/semantic-v2/actors/enemies/actor_enemy_rammer_base.png","112","112","14386"
"160","gameplay","actors","runtime_gameplay_static","actor_enemy_repair_tender_base","art/gameplay/semantic-v2/actors/enemies/actor_enemy_repair_tender_base.png","112","112","15990"
"161","gameplay","actors","runtime_gameplay_static","actor_enemy_scrap_drone_base","art/gameplay/semantic-v2/actors/enemies/actor_enemy_scrap_drone_base.png","112","112","16491"
"162","gameplay","actors","runtime_gameplay_static","actor_enemy_shield_escort_base","art/gameplay/semantic-v2/actors/enemies/actor_enemy_shield_escort_base.png","112","112","13934"
"163","gameplay","actors","runtime_gameplay_static","actor_enemy_shooter_base","art/gameplay/semantic-v2/actors/enemies/actor_enemy_shooter_base.png","112","112","11181"
"164","gameplay","actors","runtime_gameplay_static","actor_enemy_spark_minelet_base","art/gameplay/semantic-v2/actors/enemies/actor_enemy_spark_minelet_base.png","112","112","15261"
"165","gameplay","actors","runtime_gameplay_static","actor_enemy_splitter_barge_base","art/gameplay/semantic-v2/actors/enemies/actor_enemy_splitter_barge_base.png","112","112","8730"
"166","gameplay","actors","runtime_gameplay_static","actor_enemy_turret_base","art/gameplay/semantic-v2/actors/enemies/actor_enemy_turret_base.png","160","160","29620"
"167","gameplay","actors","runtime_gameplay_static","actor_player_aim_mount","art/gameplay/semantic-v2/actors/player/actor_player_aim_mount.png","80","48","4590"
"168","gameplay","actors","runtime_gameplay_static","actor_player_engine","art/gameplay/semantic-v2/actors/player/actor_player_engine.png","64","48","4354"
"169","gameplay","actors","runtime_gameplay_static","actor_player_hull_base","art/gameplay/semantic-v2/actors/player/actor_player_hull_base.png","128","128","15089"
"170","gameplay","hud","runtime_gameplay_static","action_barrier","art/gameplay/semantic-v2/hud/action_barrier.png","64","64","5491"
"171","gameplay","hud","runtime_gameplay_static","action_dash","art/gameplay/semantic-v2/hud/action_dash.png","64","64","3669"
"172","gameplay","hud","runtime_gameplay_static","action_emp","art/gameplay/semantic-v2/hud/action_emp.png","64","64","6499"
"173","gameplay","hud","runtime_gameplay_static","action_ion_field","art/gameplay/semantic-v2/hud/action_ion_field.png","64","64","6617"
"174","gameplay","hud","runtime_gameplay_static","action_primary","art/gameplay/semantic-v2/hud/action_primary.png","64","64","5914"
"175","gameplay","hud","runtime_gameplay_static","action_seeker","art/gameplay/semantic-v2/hud/action_seeker.png","64","64","6930"
"176","gameplay","hud","runtime_gameplay_static","cue_boss_core_open","art/gameplay/semantic-v2/hud/combat-cues/cue_boss_core_open.png","96","96","11220"
"177","gameplay","hud","runtime_gameplay_static","cue_boss_core_sealed","art/gameplay/semantic-v2/hud/combat-cues/cue_boss_core_sealed.png","96","96","10815"
"178","gameplay","hud","runtime_gameplay_static","cue_boss_core_stable","art/gameplay/semantic-v2/hud/combat-cues/cue_boss_core_stable.png","96","96","8617"
"179","gameplay","hud","runtime_gameplay_static","cue_collective_break","art/gameplay/semantic-v2/hud/combat-cues/cue_collective_break.png","96","96","8073"
"180","gameplay","hud","runtime_gameplay_static","cue_collective_execute","art/gameplay/semantic-v2/hud/combat-cues/cue_collective_execute.png","96","96","7075"
"181","gameplay","hud","runtime_gameplay_static","cue_collective_gather","art/gameplay/semantic-v2/hud/combat-cues/cue_collective_gather.png","96","96","9035"
"182","gameplay","hud","runtime_gameplay_static","cue_collective_lock","art/gameplay/semantic-v2/hud/combat-cues/cue_collective_lock.png","96","96","10252"
"183","gameplay","hud","runtime_gameplay_static","cue_commit_autonomous","art/gameplay/semantic-v2/hud/combat-cues/cue_commit_autonomous.png","96","96","5637"
"184","gameplay","hud","runtime_gameplay_static","cue_commit_locked","art/gameplay/semantic-v2/hud/combat-cues/cue_commit_locked.png","96","96","8657"
"185","gameplay","hud","runtime_gameplay_static","cue_elite_armored","art/gameplay/semantic-v2/hud/combat-cues/cue_elite_armored.png","96","96","10362"
"186","gameplay","hud","runtime_gameplay_static","cue_elite_heavy","art/gameplay/semantic-v2/hud/combat-cues/cue_elite_heavy.png","96","96","7540"
"187","gameplay","hud","runtime_gameplay_static","cue_elite_overclocked","art/gameplay/semantic-v2/hud/combat-cues/cue_elite_overclocked.png","96","96","9038"
"188","gameplay","hud","runtime_gameplay_static","cue_guide_bosses","art/gameplay/semantic-v2/hud/combat-cues/cue_guide_bosses.png","96","96","8175"
"189","gameplay","hud","runtime_gameplay_static","cue_guide_mobile","art/gameplay/semantic-v2/hud/combat-cues/cue_guide_mobile.png","96","96","6226"
"190","gameplay","hud","runtime_gameplay_static","cue_guide_objects","art/gameplay/semantic-v2/hud/combat-cues/cue_guide_objects.png","96","96","11203"
"191","gameplay","hud","runtime_gameplay_static","cue_guide_ship","art/gameplay/semantic-v2/hud/combat-cues/cue_guide_ship.png","96","96","9769"
"192","gameplay","hud","runtime_gameplay_static","cue_guide_stationary","art/gameplay/semantic-v2/hud/combat-cues/cue_guide_stationary.png","96","96","8526"
"193","gameplay","hud","runtime_gameplay_static","cue_objective_active","art/gameplay/semantic-v2/hud/combat-cues/cue_objective_active.png","96","96","9096"
"194","gameplay","hud","runtime_gameplay_static","cue_objective_resolved","art/gameplay/semantic-v2/hud/combat-cues/cue_objective_resolved.png","96","96","10241"
"195","gameplay","hud","runtime_gameplay_static","cue_priority_target","art/gameplay/semantic-v2/hud/combat-cues/cue_priority_target.png","96","96","5965"
"196","gameplay","hud","runtime_gameplay_static","cue_ranged_startup","art/gameplay/semantic-v2/hud/combat-cues/cue_ranged_startup.png","96","96","4422"
"197","gameplay","hud","runtime_gameplay_static","cue_target_bracket_corner","art/gameplay/semantic-v2/hud/combat-cues/cue_target_bracket_corner.png","96","96","6032"
"198","gameplay","hud","runtime_gameplay_static","minimap_marker_boss","art/gameplay/semantic-v2/hud/minimap_marker_boss.png","48","48","3395"
"199","gameplay","hud","runtime_gameplay_static","minimap_marker_elite","art/gameplay/semantic-v2/hud/minimap_marker_elite.png","48","48","4391"
"200","gameplay","hud","runtime_gameplay_static","minimap_marker_hostile","art/gameplay/semantic-v2/hud/minimap_marker_hostile.png","48","48","3271"
"201","gameplay","hud","runtime_gameplay_static","minimap_marker_objective_active","art/gameplay/semantic-v2/hud/minimap_marker_objective_active.png","48","48","3969"
"202","gameplay","hud","runtime_gameplay_static","minimap_marker_objective_locked","art/gameplay/semantic-v2/hud/minimap_marker_objective_locked.png","48","48","4143"
"203","gameplay","hud","runtime_gameplay_static","minimap_marker_player","art/gameplay/semantic-v2/hud/minimap_marker_player.png","48","48","3268"
"204","gameplay","hud","runtime_gameplay_static","upgrade_dash","art/gameplay/semantic-v2/hud/upgrade_dash.png","64","64","4565"
"205","gameplay","hud","runtime_gameplay_static","upgrade_defense","art/gameplay/semantic-v2/hud/upgrade_defense.png","64","64","5845"
"206","gameplay","hud","runtime_gameplay_static","upgrade_element","art/gameplay/semantic-v2/hud/upgrade_element.png","64","64","6058"
"207","gameplay","hud","runtime_gameplay_static","upgrade_mobility","art/gameplay/semantic-v2/hud/upgrade_mobility.png","64","64","4349"
"208","gameplay","hud","runtime_gameplay_static","upgrade_passive","art/gameplay/semantic-v2/hud/upgrade_passive.png","64","64","6034"
"209","gameplay","hud","runtime_gameplay_static","upgrade_primary","art/gameplay/semantic-v2/hud/upgrade_primary.png","64","64","4210"
"210","gameplay","hud","runtime_gameplay_static","upgrade_secondary","art/gameplay/semantic-v2/hud/upgrade_secondary.png","64","64","4351"
"211","gameplay","hud","runtime_gameplay_static","upgrade_skill","art/gameplay/semantic-v2/hud/upgrade_skill.png","64","64","7079"
"212","gameplay","hud","runtime_gameplay_static","upgrade_support","art/gameplay/semantic-v2/hud/upgrade_support.png","64","64","3665"
"213","gameplay","pickups","runtime_gameplay_static","pickup_experience_large","art/gameplay/semantic-v2/pickups/pickup_experience_large.png","64","64","6129"
"214","gameplay","pickups","runtime_gameplay_static","pickup_experience_medium","art/gameplay/semantic-v2/pickups/pickup_experience_medium.png","48","48","3518"
"215","gameplay","pickups","runtime_gameplay_static","pickup_experience_recall","art/gameplay/semantic-v2/pickups/pickup_experience_recall.png","64","64","6193"
"216","gameplay","pickups","runtime_gameplay_static","pickup_experience_small","art/gameplay/semantic-v2/pickups/pickup_experience_small.png","32","32","1174"
"217","gameplay","pickups","runtime_gameplay_static","pickup_repair","art/gameplay/semantic-v2/pickups/pickup_repair.png","48","48","3928"
"218","gameplay","pickups","runtime_gameplay_static","pickup_reward_crate","art/gameplay/semantic-v2/pickups/pickup_reward_crate.png","64","64","6604"
"219","gameplay","states","runtime_gameplay_static","enemy_generator_shield_source","art/gameplay/semantic-v2/states/enemy_generator_shield_source.png","96","96","11883"
"220","gameplay","states","runtime_gameplay_static","enemy_shield_escort_plate","art/gameplay/semantic-v2/states/enemy_shield_escort_plate.png","96","96","12954"
"221","gameplay","states","runtime_gameplay_static","player_barrier_plate","art/gameplay/semantic-v2/states/player_barrier_plate.png","96","128","13253"
"222","gameplay","states","runtime_gameplay_static","player_ion_emitter","art/gameplay/semantic-v2/states/player_ion_emitter.png","64","64","5957"
"223","gameplay","states","runtime_gameplay_static","status_burn","art/gameplay/semantic-v2/states/status_burn.png","96","96","8042"
"224","gameplay","states","runtime_gameplay_static","status_chill","art/gameplay/semantic-v2/states/status_chill.png","96","96","5580"
"225","gameplay","states","runtime_gameplay_static","status_poison","art/gameplay/semantic-v2/states/status_poison.png","96","96","5153"
"226","gameplay","weapons","runtime_gameplay_static","projectile_hostile_arc","art/gameplay/semantic-v2/weapons/projectiles/projectile_hostile_arc.png","80","80","4145"
"227","gameplay","weapons","runtime_gameplay_static","projectile_hostile_cryo","art/gameplay/semantic-v2/weapons/projectiles/projectile_hostile_cryo.png","80","80","4697"
"228","gameplay","weapons","runtime_gameplay_static","projectile_hostile_hybrid","art/gameplay/semantic-v2/weapons/projectiles/projectile_hostile_hybrid.png","80","80","3405"
"229","gameplay","weapons","runtime_gameplay_static","projectile_hostile_kinetic","art/gameplay/semantic-v2/weapons/projectiles/projectile_hostile_kinetic.png","80","80","2148"
"230","gameplay","weapons","runtime_gameplay_static","projectile_hostile_thermal","art/gameplay/semantic-v2/weapons/projectiles/projectile_hostile_thermal.png","80","80","4496"
"231","gameplay","weapons","runtime_gameplay_static","projectile_hostile_toxin","art/gameplay/semantic-v2/weapons/projectiles/projectile_hostile_toxin.png","80","80","3491"
"232","gameplay","weapons","runtime_gameplay_static","projectile_player_opening_breach","art/gameplay/semantic-v2/weapons/projectiles/projectile_player_opening_breach.png","112","64","11053"
"233","gameplay","weapons","runtime_gameplay_static","projectile_player_primary","art/gameplay/semantic-v2/weapons/projectiles/projectile_player_primary.png","112","64","3832"
"234","gameplay","weapons","runtime_gameplay_static","projectile_player_seeker","art/gameplay/semantic-v2/weapons/projectiles/projectile_player_seeker.png","96","64","6207"
"235","gameplay","weapons","runtime_gameplay_static","secondary_escort_drone","art/gameplay/semantic-v2/weapons/secondaries/secondary_escort_drone.png","64","48","4531"
"236","gameplay","weapons","runtime_gameplay_static","secondary_orbit_blade","art/gameplay/semantic-v2/weapons/secondaries/secondary_orbit_blade.png","64","32","1749"
"237","gameplay","weapons","runtime_gameplay_static","secondary_seeker","art/gameplay/semantic-v2/weapons/secondaries/secondary_seeker.png","96","64","5601"
"238","gameplay","weapons","runtime_gameplay_static","secondary_wake_mine","art/gameplay/semantic-v2/weapons/secondaries/secondary_wake_mine.png","48","48","4392"
"239","gameplay","world","runtime_gameplay_static","facility_arc_surge_strip","art/gameplay/semantic-v2/world/facility_arc_surge_strip.png","192","192","14967"
"240","gameplay","world","runtime_gameplay_static","facility_overdrive_lane","art/gameplay/semantic-v2/world/facility_overdrive_lane.png","192","384","69533"
"241","gameplay","world","runtime_gameplay_static","facility_repair_pad_core","art/gameplay/semantic-v2/world/facility_repair_pad_core.png","104","104","18710"
"242","gameplay","world","runtime_gameplay_static","facility_repair_pad","art/gameplay/semantic-v2/world/facility_repair_pad.png","192","192","54287"
"243","gameplay","world","runtime_gameplay_static","facility_transit_gate","art/gameplay/semantic-v2/world/facility_transit_gate.png","192","192","20670"
"244","gameplay","world","runtime_gameplay_static","terrain_breakable_cover_slab","art/gameplay/semantic-v2/world/terrain_breakable_cover_slab.png","192","192","50266"
"245","gameplay","world","runtime_gameplay_static","terrain_hazard_power_relay","art/gameplay/semantic-v2/world/terrain_hazard_power_relay.png","192","192","41615"
"246","gameplay","world","runtime_gameplay_static","terrain_solid_cover_block","art/gameplay/semantic-v2/world/terrain_solid_cover_block.png","192","192","44005"
"247","gameplay","world","runtime_gameplay_static","world_bulkhead_damaged","art/gameplay/semantic-v2/world/world_bulkhead_damaged.png","192","192","22567"
"248","gameplay","world","runtime_gameplay_static","world_bulkhead_intact","art/gameplay/semantic-v2/world/world_bulkhead_intact.png","192","192","19216"
"249","gameplay","sources","source_only","01-boss-colossus","art/gameplay/semantic-v2/sources/bosses-world/01-boss-colossus.png","1024","1024","539958"
"250","gameplay","sources","source_only","02-boss-leviathan","art/gameplay/semantic-v2/sources/bosses-world/02-boss-leviathan.png","1024","1024","282174"
"251","gameplay","sources","source_only","03-boss-titan","art/gameplay/semantic-v2/sources/bosses-world/03-boss-titan.png","1024","1024","554703"
"252","gameplay","sources","source_only","04-boss-behemoth","art/gameplay/semantic-v2/sources/bosses-world/04-boss-behemoth.png","1024","1024","300481"
"253","gameplay","sources","source_only","05-boss-crown","art/gameplay/semantic-v2/sources/bosses-world/05-boss-crown.png","1024","1024","666582"
"254","gameplay","sources","source_only","06-world-floor-tile","art/gameplay/semantic-v2/sources/bosses-world/06-world-floor-tile.png","1024","1024","836771"
"255","gameplay","sources","source_only","07-world-wall-modules","art/gameplay/semantic-v2/sources/bosses-world/07-world-wall-modules.png","1024","1024","336876"
"256","gameplay","sources","source_only","08-world-functional-terrain","art/gameplay/semantic-v2/sources/bosses-world/08-world-functional-terrain.png","1024","1024","649439"
"257","gameplay","sources","source_only","01-projectiles-hostile-b","art/gameplay/semantic-v2/sources/combat-additions/01-projectiles-hostile-b.png","1024","1024","88797"
"258","gameplay","sources","source_only","02-status-vfx","art/gameplay/semantic-v2/sources/combat-additions/02-status-vfx.png","1024","1024","97755"
"259","gameplay","sources","source_only","03-dash-start","art/gameplay/semantic-v2/sources/combat-additions/03-dash-start.png","1024","1024","86806"
"260","gameplay","sources","source_only","04-bulkhead-destroy","art/gameplay/semantic-v2/sources/combat-additions/04-bulkhead-destroy.png","1024","1024","193956"
"261","gameplay","sources","source_only","05-boss-module-colossus","art/gameplay/semantic-v2/sources/combat-additions/05-boss-module-colossus.png","1024","1024","823613"
"262","gameplay","sources","source_only","06-boss-module-leviathan","art/gameplay/semantic-v2/sources/combat-additions/06-boss-module-leviathan.png","1024","1024","684088"
"263","gameplay","sources","source_only","07-boss-module-titan","art/gameplay/semantic-v2/sources/combat-additions/07-boss-module-titan.png","1024","1024","521716"
"264","gameplay","sources","source_only","08-boss-module-behemoth-crown","art/gameplay/semantic-v2/sources/combat-additions/08-boss-module-behemoth-crown.png","1024","1024","608594"
"265","gameplay","sources","source_only","01-target-priority-ranged","art/gameplay/semantic-v2/sources/combat-cues/01-target-priority-ranged.png","1881","836","996763"
"266","gameplay","sources","source_only","02-collective-gather-lock-execute","art/gameplay/semantic-v2/sources/combat-cues/02-collective-gather-lock-execute.png","1933","813","1128690"
"267","gameplay","sources","source_only","03-collective-break-elite-traits","art/gameplay/semantic-v2/sources/combat-cues/03-collective-break-elite-traits.png","1935","813","1113715"
"268","gameplay","sources","source_only","04-elite-heavy-boss-core","art/gameplay/semantic-v2/sources/combat-cues/04-elite-heavy-boss-core.png","1920","819","1040952"
"269","gameplay","sources","source_only","05-boss-objective-states","art/gameplay/semantic-v2/sources/combat-cues/05-boss-objective-states.png","1935","813","1060569"
"270","gameplay","sources","source_only","06-commit-guide-ship","art/gameplay/semantic-v2/sources/combat-cues/06-commit-guide-ship.png","1935","813","1007579"
"271","gameplay","sources","source_only","07-guide-role-categories","art/gameplay/semantic-v2/sources/combat-cues/07-guide-role-categories.png","1983","793","1027868"
"272","gameplay","sources","source_only","08-guide-objects","art/gameplay/semantic-v2/sources/combat-cues/08-guide-objects.png","1254","1254","987599"
"273","gameplay","sources","source_only","01-reflect-deflection","art/gameplay/semantic-v2/sources/effect-expansion/01-reflect-deflection.png","1774","887","1061676"
"274","gameplay","sources","source_only","02-barrier-contact","art/gameplay/semantic-v2/sources/effect-expansion/02-barrier-contact.png","2172","724","1001920"
"275","gameplay","sources","source_only","03-hull-hit","art/gameplay/semantic-v2/sources/effect-expansion/03-hull-hit.png","1774","887","1008497"
"276","gameplay","sources","source_only","04-seeker-impact","art/gameplay/semantic-v2/sources/effect-expansion/04-seeker-impact.png","1860","845","980635"
"277","gameplay","sources","source_only","05-escort-drone-impact","art/gameplay/semantic-v2/sources/effect-expansion/05-escort-drone-impact.png","1774","887","992433"
"278","gameplay","sources","source_only","06-orbit-blade-impact","art/gameplay/semantic-v2/sources/effect-expansion/06-orbit-blade-impact.png","2172","724","1061706"
"279","gameplay","sources","source_only","07-enemy-destroy-light","art/gameplay/semantic-v2/sources/effect-expansion/07-enemy-destroy-light.png","2172","724","1078093"
"280","gameplay","sources","source_only","08-enemy-destroy-heavy","art/gameplay/semantic-v2/sources/effect-expansion/08-enemy-destroy-heavy.png","2172","724","1286309"
"281","gameplay","sources","source_only","09-crate-destroy","art/gameplay/semantic-v2/sources/effect-expansion/09-crate-destroy.png","2146","733","1098570"
"282","gameplay","sources","source_only","10-pickup-intake","art/gameplay/semantic-v2/sources/effect-expansion/10-pickup-intake.png","2172","724","997119"
"283","gameplay","sources","source_only","11-support-heal","art/gameplay/semantic-v2/sources/effect-expansion/11-support-heal.png","2172","724","970684"
"284","gameplay","sources","source_only","12-lifesteal-pulse","art/gameplay/semantic-v2/sources/effect-expansion/12-lifesteal-pulse.png","2172","724","906582"
"285","gameplay","sources","source_only","13-transit-shift","art/gameplay/semantic-v2/sources/effect-expansion/13-transit-shift.png","2191","718","1008541"
"286","gameplay","sources","source_only","14-boss-reduced-hit","art/gameplay/semantic-v2/sources/effect-expansion/14-boss-reduced-hit.png","1774","887","952033"
"287","gameplay","sources","source_only","01-muzzle-player-primary","art/gameplay/semantic-v2/sources/effects/01-muzzle-player-primary.png","1254","1254","1044759"
"288","gameplay","sources","source_only","02-impact-damage","art/gameplay/semantic-v2/sources/effects/02-impact-damage.png","1254","1254","1078228"
"289","gameplay","sources","source_only","03-emp-release","art/gameplay/semantic-v2/sources/effects/03-emp-release.png","1254","1254","1161839"
"290","gameplay","sources","source_only","04-wake-mine-detonation","art/gameplay/semantic-v2/sources/effects/04-wake-mine-detonation.png","1254","1254","1133988"
"291","gameplay","sources","source_only","05-boss-module-disabled","art/gameplay/semantic-v2/sources/effects/05-boss-module-disabled.png","1254","1254","1182605"
"292","gameplay","sources","source_only","06-hostile-summon-arrival","art/gameplay/semantic-v2/sources/effects/06-hostile-summon-arrival.png","1254","1254","1085821"
"293","gameplay","sources","source_only","01-enemy-swarm","art/gameplay/semantic-v2/sources/enemies-pickups/01-enemy-swarm.png","1024","1024","139820"
"294","gameplay","sources","source_only","02-enemy-melee","art/gameplay/semantic-v2/sources/enemies-pickups/02-enemy-melee.png","1024","1024","203821"
"295","gameplay","sources","source_only","03-enemy-ranged","art/gameplay/semantic-v2/sources/enemies-pickups/03-enemy-ranged.png","1024","1024","162546"
"296","gameplay","sources","source_only","04-enemy-support","art/gameplay/semantic-v2/sources/enemies-pickups/04-enemy-support.png","1024","1024","229342"
"297","gameplay","sources","source_only","05-enemy-utility","art/gameplay/semantic-v2/sources/enemies-pickups/05-enemy-utility.png","1024","1024","268099"
"298","gameplay","sources","source_only","06-enemy-special","art/gameplay/semantic-v2/sources/enemies-pickups/06-enemy-special.png","1024","1024","216427"
"299","gameplay","sources","source_only","07-pickup-experience","art/gameplay/semantic-v2/sources/enemies-pickups/07-pickup-experience.png","1024","1024","268541"
"300","gameplay","sources","source_only","08-pickup-utilities","art/gameplay/semantic-v2/sources/enemies-pickups/08-pickup-utilities.png","1024","1024","172917"
"301","gameplay","sources","source_only","01-player-hull","art/gameplay/semantic-v2/sources/player-weapons/01-player-hull.png","1024","1024","485218"
"302","gameplay","sources","source_only","02-player-modules","art/gameplay/semantic-v2/sources/player-weapons/02-player-modules.png","1024","1024","404085"
"303","gameplay","sources","source_only","03-secondary-guidance","art/gameplay/semantic-v2/sources/player-weapons/03-secondary-guidance.png","1024","1024","125468"
"304","gameplay","sources","source_only","04-secondary-area-control","art/gameplay/semantic-v2/sources/player-weapons/04-secondary-area-control.png","1024","1024","371594"
"305","gameplay","sources","source_only","05-player-defense","art/gameplay/semantic-v2/sources/player-weapons/05-player-defense.png","1024","1024","401809"
"306","gameplay","sources","source_only","06-support-sources","art/gameplay/semantic-v2/sources/player-weapons/06-support-sources.png","1024","1024","281213"
"307","gameplay","sources","source_only","07-projectiles-player","art/gameplay/semantic-v2/sources/player-weapons/07-projectiles-player.png","1024","1024","101038"
"308","gameplay","sources","source_only","08-projectiles-hostile-a","art/gameplay/semantic-v2/sources/player-weapons/08-projectiles-hostile-a.png","1024","1024","70259"
"309","gameplay","sources","source_only","01-minimap-units","art/gameplay/semantic-v2/sources/ui-world-additions/01-minimap-units.png","1024","1024","131785"
"310","gameplay","sources","source_only","02-minimap-objectives","art/gameplay/semantic-v2/sources/ui-world-additions/02-minimap-objectives.png","1024","1024","218312"
"311","gameplay","sources","source_only","03-action-glyphs-a","art/gameplay/semantic-v2/sources/ui-world-additions/03-action-glyphs-a.png","1024","1024","164630"
"312","gameplay","sources","source_only","04-action-glyphs-b","art/gameplay/semantic-v2/sources/ui-world-additions/04-action-glyphs-b.png","1024","1024","191603"
"313","gameplay","sources","source_only","05-upgrade-glyphs-a","art/gameplay/semantic-v2/sources/ui-world-additions/05-upgrade-glyphs-a.png","1024","1024","154299"
"314","gameplay","sources","source_only","06-upgrade-glyphs-b","art/gameplay/semantic-v2/sources/ui-world-additions/06-upgrade-glyphs-b.png","1024","1024","185214"
"315","gameplay","sources","source_only","07-upgrade-glyphs-c","art/gameplay/semantic-v2/sources/ui-world-additions/07-upgrade-glyphs-c.png","1024","1024","147022"
"316","gameplay","sources","source_only","08-world-state-modules","art/gameplay/semantic-v2/sources/ui-world-additions/08-world-state-modules.png","1024","1024","112095"
"317","gameplay","sources","source_only","01-world-wall-junctions","art/gameplay/semantic-v2/sources/world-structural-additions/01-world-wall-junctions.png","1024","1024","236926"
"318","gameplay","sources","source_only","02-world-functional-obstacles","art/gameplay/semantic-v2/sources/world-structural-additions/02-world-functional-obstacles.png","1024","1024","400921"
"319","gameplay","world","staged_not_runtime","world_shared_floor_00","art/gameplay/semantic-v2/world/world_shared_floor_00.png","192","192","34792"
"320","gameplay","world","staged_not_runtime","world_shared_floor_01","art/gameplay/semantic-v2/world/world_shared_floor_01.png","192","192","34792"
"321","gameplay","world","staged_not_runtime","world_wall_concave_corner","art/gameplay/semantic-v2/world/world_wall_concave_corner.png","192","192","30522"
"322","gameplay","world","staged_not_runtime","world_wall_convex_corner","art/gameplay/semantic-v2/world/world_wall_convex_corner.png","192","192","21175"
"323","gameplay","world","staged_not_runtime","world_wall_cross_junction","art/gameplay/semantic-v2/world/world_wall_cross_junction.png","192","192","28816"
"324","gameplay","world","staged_not_runtime","world_wall_end_cap","art/gameplay/semantic-v2/world/world_wall_end_cap.png","192","192","18289"
"325","gameplay","world","staged_not_runtime","world_wall_straight","art/gameplay/semantic-v2/world/world_wall_straight.png","192","384","36779"
"326","gameplay","world","staged_not_runtime","world_wall_t_junction","art/gameplay/semantic-v2/world/world_wall_t_junction.png","192","192","22831"
"327","ui","sheets","review_sheet_only","01-ui-surface-components","art/ui/production/semantic-v2/sheets/01-ui-surface-components.png","1248","936","188836"
"328","ui","sheets","review_sheet_only","02-ui-control-states","art/ui/production/semantic-v2/sheets/02-ui-control-states.png","1308","1286","422665"
"329","ui","controls","runtime_ui","button_danger_disabled","art/ui/production/semantic-v2/controls/button_danger_disabled.png","96","64","6029"
"330","ui","controls","runtime_ui","button_danger_focus","art/ui/production/semantic-v2/controls/button_danger_focus.png","96","64","6315"
"331","ui","controls","runtime_ui","button_danger_hover","art/ui/production/semantic-v2/controls/button_danger_hover.png","96","64","6195"
"332","ui","controls","runtime_ui","button_danger_normal","art/ui/production/semantic-v2/controls/button_danger_normal.png","96","64","5701"
"333","ui","controls","runtime_ui","button_danger_pressed","art/ui/production/semantic-v2/controls/button_danger_pressed.png","96","64","6351"
"334","ui","controls","runtime_ui","button_primary_disabled","art/ui/production/semantic-v2/controls/button_primary_disabled.png","96","64","6207"
"335","ui","controls","runtime_ui","button_primary_focus","art/ui/production/semantic-v2/controls/button_primary_focus.png","96","64","6389"
"336","ui","controls","runtime_ui","button_primary_hover","art/ui/production/semantic-v2/controls/button_primary_hover.png","96","64","6296"
"337","ui","controls","runtime_ui","button_primary_normal","art/ui/production/semantic-v2/controls/button_primary_normal.png","96","64","5774"
"338","ui","controls","runtime_ui","button_primary_pressed","art/ui/production/semantic-v2/controls/button_primary_pressed.png","96","64","6536"
"339","ui","controls","runtime_ui","button_secondary_disabled","art/ui/production/semantic-v2/controls/button_secondary_disabled.png","96","64","5958"
"340","ui","controls","runtime_ui","button_secondary_focus","art/ui/production/semantic-v2/controls/button_secondary_focus.png","96","64","6369"
"341","ui","controls","runtime_ui","button_secondary_hover","art/ui/production/semantic-v2/controls/button_secondary_hover.png","96","64","6062"
"342","ui","controls","runtime_ui","button_secondary_normal","art/ui/production/semantic-v2/controls/button_secondary_normal.png","96","64","5569"
"343","ui","controls","runtime_ui","button_secondary_pressed","art/ui/production/semantic-v2/controls/button_secondary_pressed.png","96","64","6099"
"344","ui","controls","runtime_ui","meter_background","art/ui/production/semantic-v2/controls/meter_background.png","64","24","1441"
"345","ui","controls","runtime_ui","meter_boss","art/ui/production/semantic-v2/controls/meter_boss.png","64","24","1643"
"346","ui","controls","runtime_ui","meter_cooldown","art/ui/production/semantic-v2/controls/meter_cooldown.png","64","24","1784"
"347","ui","controls","runtime_ui","meter_health","art/ui/production/semantic-v2/controls/meter_health.png","64","24","1723"
"348","ui","controls","runtime_ui","meter_resource","art/ui/production/semantic-v2/controls/meter_resource.png","64","24","1771"
"349","ui","controls","runtime_ui","meter_support","art/ui/production/semantic-v2/controls/meter_support.png","64","24","2382"
"350","ui","controls","runtime_ui","slider_fill","art/ui/production/semantic-v2/controls/slider_fill.png","96","32","3303"
"351","ui","controls","runtime_ui","slider_grabber","art/ui/production/semantic-v2/controls/slider_grabber.png","64","64","4220"
"352","ui","controls","runtime_ui","slider_lane","art/ui/production/semantic-v2/controls/slider_lane.png","96","32","3100"
"353","ui","controls","runtime_ui","tab_option_disabled","art/ui/production/semantic-v2/controls/tab_option_disabled.png","96","48","4700"
"354","ui","controls","runtime_ui","tab_option_focus","art/ui/production/semantic-v2/controls/tab_option_focus.png","96","48","3741"
"355","ui","controls","runtime_ui","tab_option_hover","art/ui/production/semantic-v2/controls/tab_option_hover.png","96","48","4627"
"356","ui","controls","runtime_ui","tab_option_normal","art/ui/production/semantic-v2/controls/tab_option_normal.png","96","48","4392"
"357","ui","controls","runtime_ui","tab_option_selected","art/ui/production/semantic-v2/controls/tab_option_selected.png","96","48","4719"
"358","ui","controls","runtime_ui","toggle_focus","art/ui/production/semantic-v2/controls/toggle_focus.png","64","64","6031"
"359","ui","controls","runtime_ui","toggle_off","art/ui/production/semantic-v2/controls/toggle_off.png","64","64","4874"
"360","ui","controls","runtime_ui","toggle_on","art/ui/production/semantic-v2/controls/toggle_on.png","64","64","5929"
"361","ui","glyphs","runtime_ui","preview_focused","art/ui/production/semantic-v2/glyphs/preview_focused.png","96","96","9627"
"362","ui","glyphs","runtime_ui","preview_locked","art/ui/production/semantic-v2/glyphs/preview_locked.png","96","96","8188"
"363","ui","glyphs","runtime_ui","preview_normal","art/ui/production/semantic-v2/glyphs/preview_normal.png","96","96","8061"
"364","ui","glyphs","runtime_ui","small_state_disabled","art/ui/production/semantic-v2/glyphs/small_state_disabled.png","32","32","1953"
"365","ui","glyphs","runtime_ui","small_state_pip_available","art/ui/production/semantic-v2/glyphs/small_state_pip_available.png","32","32","1896"
"366","ui","glyphs","runtime_ui","small_state_pip_empty","art/ui/production/semantic-v2/glyphs/small_state_pip_empty.png","32","32","1719"
"367","ui","glyphs","runtime_ui","small_state_pip_filled","art/ui/production/semantic-v2/glyphs/small_state_pip_filled.png","32","32","1702"
"368","ui","glyphs","runtime_ui","small_state_selection_rail","art/ui/production/semantic-v2/glyphs/small_state_selection_rail.png","32","32","1696"
"369","ui","glyphs","runtime_ui","small_state_warning","art/ui/production/semantic-v2/glyphs/small_state_warning.png","32","32","1487"
"370","ui","surfaces","runtime_ui","content_plate_inset","art/ui/production/semantic-v2/surfaces/content_plate_inset.png","96","96","7562"
"371","ui","surfaces","runtime_ui","content_plate_normal","art/ui/production/semantic-v2/surfaces/content_plate_normal.png","96","96","7562"
"372","ui","surfaces","runtime_ui","content_plate_summary","art/ui/production/semantic-v2/surfaces/content_plate_summary.png","96","96","7562"
"373","ui","surfaces","runtime_ui","hud_plate_action_rail","art/ui/production/semantic-v2/surfaces/hud_plate_action_rail.png","96","96","9093"
"374","ui","surfaces","runtime_ui","hud_plate_health_resource","art/ui/production/semantic-v2/surfaces/hud_plate_health_resource.png","96","96","9093"
"375","ui","surfaces","runtime_ui","hud_plate_minimap_target","art/ui/production/semantic-v2/surfaces/hud_plate_minimap_target.png","96","96","9079"
"376","ui","surfaces","runtime_ui","hud_plate_objective_boss","art/ui/production/semantic-v2/surfaces/hud_plate_objective_boss.png","96","96","9073"
"377","ui","surfaces","runtime_ui","hud_plate_toast","art/ui/production/semantic-v2/surfaces/hud_plate_toast.png","96","96","9079"
"378","ui","surfaces","runtime_ui","modal_master_compact_safe","art/ui/production/semantic-v2/surfaces/modal_master_compact_safe.png","192","192","29425"
"379","ui","surfaces","runtime_ui","modal_master_normal","art/ui/production/semantic-v2/surfaces/modal_master_normal.png","192","192","29425"
"380","ui","surfaces","runtime_ui","upgrade_card_disabled","art/ui/production/semantic-v2/surfaces/upgrade_card_disabled.png","128","128","14699"
"381","ui","surfaces","runtime_ui","upgrade_card_focus","art/ui/production/semantic-v2/surfaces/upgrade_card_focus.png","128","128","13601"
"382","ui","surfaces","runtime_ui","upgrade_card_hover","art/ui/production/semantic-v2/surfaces/upgrade_card_hover.png","128","128","13470"
"383","ui","surfaces","runtime_ui","upgrade_card_normal","art/ui/production/semantic-v2/surfaces/upgrade_card_normal.png","128","128","12632"
"384","ui","surfaces","runtime_ui","upgrade_card_pressed","art/ui/production/semantic-v2/surfaces/upgrade_card_pressed.png","128","128","13257"
"385","ui","surfaces","runtime_ui","upgrade_card_selected","art/ui/production/semantic-v2/surfaces/upgrade_card_selected.png","128","128","14020"
"386","ui","sources","source_only","01-ui-surfaces","art/ui/production/semantic-v2/sources/01-ui-surfaces.png","1672","941","932992"
"387","ui","sources","source_only","02-upgrade-preview-small-state","art/ui/production/semantic-v2/sources/02-upgrade-preview-small-state.png","1672","941","1019587"
"388","ui","sources","source_only","03-button-states","art/ui/production/semantic-v2/sources/03-button-states.png","1672","941","973883"
"389","ui","sources","source_only","04-tabs-toggle-slider","art/ui/production/semantic-v2/sources/04-tabs-toggle-slider.png","1672","941","949393"
"390","ui","sources","source_only","05-meter-states","art/ui/production/semantic-v2/sources/05-meter-states.png","1672","941","946450"
